[22:41:53] [main/INFO] [GradleStart]: username: KoTeuKa404
[22:41:53] [main/INFO] [GradleStart]: Extra: []
[22:41:53] [main/INFO] [GradleStart]: Found and added coremod: zone.rong.mixinbooter.MixinBooterPlugin
[22:41:53] [main/INFO] [GradleStart]: Found and added coremod: com.example.coremod.CoreModPlugin
[22:41:53] [main/INFO] [GradleStart]: Running with arguments: [--userProperties, {}, --assetsDir, C:/Users/home/.gradle/caches/minecraft/assets, --assetIndex, 1.12, --accessToken{REDACTED}, --version, 1.12.2, --username, KoTeuKa404, --tweakClass, net.minecraftforge.fml.common.launcher.FMLTweaker, --tweakClass, net.minecraftforge.gradle.tweakers.CoremodTweaker]
[22:41:53] [main/INFO] [LaunchWrapper]: Loading tweak class name net.minecraftforge.fml.common.launcher.FMLTweaker
[22:41:53] [main/INFO] [LaunchWrapper]: Using primary tweak class name net.minecraftforge.fml.common.launcher.FMLTweaker
[22:41:53] [main/INFO] [LaunchWrapper]: Loading tweak class name net.minecraftforge.gradle.tweakers.CoremodTweaker
[22:41:53] [main/INFO] [LaunchWrapper]: Calling tweak class net.minecraftforge.fml.common.launcher.FMLTweaker
[22:41:53] [main/INFO] [FML]: Forge Mod Loader version 14.23.5.2820 for Minecraft 1.12.2 loading
[22:41:53] [main/INFO] [FML]: Java is OpenJDK 64-Bit Server VM, version 1.8.0_412, running on Windows 10:amd64:10.0, installed at D:\jva\jdk8u412-b08\jre
[22:41:53] [main/ERROR] [FML]: Apache Maven library folder was not in the format expected. Using default libraries directory.
[22:41:53] [main/ERROR] [FML]: Full: C:\Users\home\.gradle\caches\modules-2\files-2.1\org.apache.maven\maven-artifact\3.5.3\7dc72b6d6d8a6dced3d294ed54c2cc3515ade9f4\maven-artifact-3.5.3.jar
[22:41:53] [main/ERROR] [FML]: Trimmed: c:/users/home/.gradle/caches/modules-2/files-2.1/org.apache.maven/maven-artifact/3.5.3/
[22:41:53] [main/INFO] [FML]: Managed to load a deobfuscated Minecraft name- we are in a deobfuscated environment. Skipping runtime deobfuscation
[22:41:53] [main/INFO] [FML]: Detected deobfuscated environment, loading log configs for colored console logs.
[22:41:54] [main/INFO] [FML]: Ignoring missing certificate for coremod FMLCorePlugin (net.minecraftforge.fml.relauncher.FMLCorePlugin), we are in deobf and it's a forge core plugin
[22:41:54] [main/INFO] [FML]: Ignoring missing certificate for coremod FMLForgePlugin (net.minecraftforge.classloading.FMLForgePlugin), we are in deobf and it's a forge core plugin
[22:41:54] [main/INFO] [FML]: Found a command line coremod : com.example.coremod.CoreModPlugin
[22:41:54] [main/INFO] [FML]: Ignoring missing certificate for coremod CoreModPlugin (com.example.coremod.CoreModPlugin), as this is probably a dev workspace
[22:41:54] [main/INFO] [FML]: Found a command line coremod : zone.rong.mixinbooter.MixinBooterPlugin
[22:41:54] [main/WARN] [FML]: The coremod zone.rong.mixinbooter.MixinBooterPlugin does not have a MCVersion annotation, it may cause issues with this version of Minecraft
[22:41:54] [main/INFO] [FML]: Ignoring missing certificate for coremod MixinBooter (zone.rong.mixinbooter.MixinBooterPlugin), as this is probably a dev workspace
[22:41:54] [main/INFO] [MixinBooter]: Initializing Mixins...
[22:41:54] [main/INFO] [mixin]: SpongePowered MIXIN Subsystem Version=0.8.7 Source=file:/C:/jaba/run/mods/!mixinbooter-10.5.jar Service=LaunchWrapper Env=CLIENT
[22:41:54] [main/INFO] [mixin]: Initialised Mixin FML Remapper Adapter with net.minecraftforge.fml.common.asm.transformers.deobf.FMLDeobfuscatingRemapper@5143c662
[22:41:54] [main/INFO] [mixin]: Initialised Legacy FML Dev Remapper
[22:41:54] [main/INFO] [mixin]: Compatibility level set to JAVA_8
[22:41:54] [main/INFO] [MixinBooter]: Initializing MixinExtras...
[22:41:54] [main/INFO] [MixinBooter]: Gathering present mods...
[22:41:54] [main/INFO] [MixinBooter]: Finished gathering 6 coremods...
[22:41:54] [main/INFO] [FML]: Searching C:\jaba\run\.\mods for mods
[22:41:54] [main/WARN] [FML]: Found FMLCorePluginContainsFMLMod marker in !configanytime-3.0.jar. This is not recommended, @Mods should be in a separate jar from the coremod.
[22:41:54] [main/WARN] [FML]: The coremod com.cleanroommc.configanytime.ConfigAnytimePlugin does not have a MCVersion annotation, it may cause issues with this version of Minecraft
[22:41:54] [main/WARN] [FML]: The coremod ConfigAnytimePlugin (com.cleanroommc.configanytime.ConfigAnytimePlugin) is not signed!
[22:41:54] [main/INFO] [FML]: Loading tweaker org.spongepowered.asm.launch.MixinTweaker from !mixinbooter-10.5.jar
[22:41:55] [main/WARN] [FML]: Found FMLCorePluginContainsFMLMod marker in HammerLib-1.12.2-12.2.50.jar. This is not recommended, @Mods should be in a separate jar from the coremod.
[22:41:55] [main/WARN] [FML]: Found FMLCorePluginContainsFMLMod marker in New-Crimson-Revelations-1.12.2-1.5.2.jar. This is not recommended, @Mods should be in a separate jar from the coremod.
[22:41:55] [main/WARN] [FML]: The coremod mod.icarus.crimsonrevelations.mixin.CRCoreMixinLoader does not have a MCVersion annotation, it may cause issues with this version of Minecraft
[22:41:55] [main/WARN] [FML]: The coremod CRCoreMixinLoader (mod.icarus.crimsonrevelations.mixin.CRCoreMixinLoader) is not signed!
[22:41:55] [main/WARN] [FML]: Found FMLCorePluginContainsFMLMod marker in planarartifice-1.4.0-pre7.jar. This is not recommended, @Mods should be in a separate jar from the coremod.
[22:41:55] [main/WARN] [FML]: The coremod Planar Artifice Coremod (leppa.planarartifice.core.PlanarArtificeCore) is not signed!
[22:41:55] [main/INFO] [planarartificecore]: [PA, CORE] coremod status: true
[22:41:55] [main/WARN] [FML]: Found FMLCorePluginContainsFMLMod marker in ThaumicAdditions-1.12.2-12.7.9.jar. This is not recommended, @Mods should be in a separate jar from the coremod.
[22:41:55] [main/WARN] [FML]: Found FMLCorePluginContainsFMLMod marker in ThaumicAugmentation-1.12.2-2.1.14.jar. This is not recommended, @Mods should be in a separate jar from the coremod.
[22:41:55] [main/INFO] [LaunchWrapper]: Calling tweak class net.minecraftforge.gradle.tweakers.CoremodTweaker
[22:41:55] [main/INFO] [GradleStart]: Injecting location in coremod net.minecraftforge.fml.relauncher.FMLCorePlugin
[22:41:55] [main/INFO] [GradleStart]: Injecting location in coremod net.minecraftforge.classloading.FMLForgePlugin
[22:41:55] [main/INFO] [GradleStart]: Injecting location in coremod com.example.coremod.CoreModPlugin
[22:41:55] [main/INFO] [GradleStart]: Injecting location in coremod zone.rong.mixinbooter.MixinBooterPlugin
[22:41:55] [main/INFO] [GradleStart]: Injecting location in coremod com.cleanroommc.configanytime.ConfigAnytimePlugin
[22:41:55] [main/INFO] [GradleStart]: Injecting location in coremod com.zeitheron.hammercore.asm.HCASM
[22:41:55] [main/INFO] [GradleStart]: Injecting location in coremod mod.icarus.crimsonrevelations.mixin.CRCoreMixinLoader
[22:41:55] [main/INFO] [GradleStart]: Injecting location in coremod leppa.planarartifice.core.PlanarArtificeCore
[22:41:55] [main/INFO] [GradleStart]: Injecting location in coremod org.zeith.thaumicadditions.asm.TARCore
[22:41:55] [main/INFO] [GradleStart]: Injecting location in coremod thecodex6824.thaumicaugmentation.core.ThaumicAugmentationCore
[22:41:55] [main/INFO] [LaunchWrapper]: Loading tweak class name net.minecraftforge.fml.common.launcher.FMLInjectionAndSortingTweaker
[22:41:55] [main/INFO] [LaunchWrapper]: Loading tweak class name org.spongepowered.asm.mixin.EnvironmentStateTweaker
[22:41:55] [main/INFO] [LaunchWrapper]: Loading tweak class name org.spongepowered.asm.launch.MixinTweaker
[22:41:55] [main/INFO] [LaunchWrapper]: Loading tweak class name net.minecraftforge.fml.common.launcher.FMLDeobfTweaker
[22:41:55] [main/INFO] [LaunchWrapper]: Loading tweak class name net.minecraftforge.gradle.tweakers.AccessTransformerTweaker
[22:41:55] [main/INFO] [LaunchWrapper]: Calling tweak class net.minecraftforge.fml.common.launcher.FMLInjectionAndSortingTweaker
[22:41:55] [main/INFO] [LaunchWrapper]: Calling tweak class net.minecraftforge.fml.common.launcher.FMLInjectionAndSortingTweaker
[22:41:55] [main/INFO] [LaunchWrapper]: Calling tweak class net.minecraftforge.fml.relauncher.CoreModManager$FMLPluginWrapper
[22:41:55] [main/INFO] [MixinBooter]: Loading early loader mod.icarus.crimsonrevelations.mixin.CRCoreMixinLoader for its mixins.
[22:41:55] [main/INFO] [LaunchWrapper]: Calling tweak class net.minecraftforge.fml.relauncher.CoreModManager$FMLPluginWrapper
[22:41:55] [main/ERROR] [FML]: FML appears to be missing any signature data. This is not a good thing
[22:41:55] [main/INFO] [LaunchWrapper]: Calling tweak class net.minecraftforge.fml.relauncher.CoreModManager$FMLPluginWrapper
[22:41:55] [main/INFO] [LaunchWrapper]: Calling tweak class net.minecraftforge.fml.relauncher.CoreModManager$FMLPluginWrapper
[22:41:55] [main/INFO] [STDOUT]: [com.example.coremod.BaublesClassSwapTransformer:detectDisabledReason:79]: [BaublesClassSwap] Classic Baubles-like API detected - class swap enabled.
[22:41:55] [main/INFO] [STDOUT]: [com.example.coremod.CoreModPlugin:injectData:63]: [CoreModPlugin] data injected
[22:41:55] [main/INFO] [LaunchWrapper]: Calling tweak class net.minecraftforge.fml.relauncher.CoreModManager$FMLPluginWrapper
[22:41:55] [main/INFO] [LaunchWrapper]: Calling tweak class net.minecraftforge.fml.relauncher.CoreModManager$FMLPluginWrapper
[22:41:55] [main/INFO] [LaunchWrapper]: Calling tweak class net.minecraftforge.fml.relauncher.CoreModManager$FMLPluginWrapper
[22:41:55] [main/INFO] [LaunchWrapper]: Calling tweak class net.minecraftforge.fml.relauncher.CoreModManager$FMLPluginWrapper
[22:41:55] [main/INFO] [LaunchWrapper]: Calling tweak class org.spongepowered.asm.mixin.EnvironmentStateTweaker
[22:41:55] [main/INFO] [LaunchWrapper]: Calling tweak class org.spongepowered.asm.launch.MixinTweaker
[22:41:55] [main/WARN] [mixin]: Multiple Mixin containers present, init suppressed for 0.8.7
[22:41:55] [main/INFO] [LaunchWrapper]: Calling tweak class net.minecraftforge.fml.common.launcher.FMLDeobfTweaker
[22:41:55] [main/INFO] [LaunchWrapper]: Calling tweak class net.minecraftforge.gradle.tweakers.AccessTransformerTweaker
[22:41:55] [main/INFO] [GradleStart]: Remapping AccessTransformer rules...
[22:41:55] [main/INFO] [LaunchWrapper]: Calling tweak class net.minecraftforge.fml.relauncher.CoreModManager$FMLPluginWrapper
[22:41:55] [main/INFO] [LaunchWrapper]: Calling tweak class net.minecraftforge.fml.relauncher.CoreModManager$FMLPluginWrapper
[22:41:55] [main/INFO] [LaunchWrapper]: Loading tweak class name net.minecraftforge.fml.common.launcher.TerminalTweaker
[22:41:55] [main/INFO] [LaunchWrapper]: Calling tweak class net.minecraftforge.fml.common.launcher.TerminalTweaker
[22:41:55] [main/INFO] [LaunchWrapper]: Launching wrapped minecraft {net.minecraft.client.main.Main}
[22:41:55] [main/INFO] [Hammer Core [ASM]]: Transforming net.minecraft.world.World (net.minecraft.world.World)...
[22:41:55] [main/INFO] [Hammer Core [ASM]]:   -Patching World
[22:41:55] [main/INFO] [Hammer Core [ASM]]:     -Modified method 'updateEntities', replaced net/minecraft/util/ITickable.update()V with HC call.
[22:41:55] [main/INFO] [thaumicaugmentationcore]: Successfully transformed class net.minecraft.world.World
[22:41:55] [main/INFO] [thaumicaugmentationcore]: Successfully transformed class net.minecraft.client.entity.EntityPlayerSP
[22:41:55] [main/INFO] [thaumicaugmentationcore]: Successfully transformed class net.minecraft.entity.player.EntityPlayer
[22:41:55] [main/INFO] [Hammer Core [ASM]]: Transforming net.minecraft.entity.EntityLivingBase (net.minecraft.entity.EntityLivingBase)...
[22:41:55] [main/INFO] [Hammer Core [ASM]]:   -Patching EntityLivingBase
[22:41:55] [main/INFO] [Hammer Core [ASM]]:     -Modified method 'onItemUseFinish': added event call.
[22:41:55] [main/INFO] [thaumicaugmentationcore]: Successfully transformed class net.minecraft.entity.EntityLivingBase
[22:41:56] [main/INFO] [thaumicaugmentationcore]: Successfully transformed class net.minecraft.world.WorldServer
[22:41:56] [main/INFO] [Hammer Core [ASM]]: Transforming net.minecraft.profiler.Profiler (net.minecraft.profiler.Profiler)...
[22:41:56] [main/INFO] [Hammer Core [ASM]]:   -Patched startSection!
[22:41:56] [main/INFO] [Hammer Core [ASM]]:   -Patched endSection!
[22:41:56] [main/INFO] [Hammer Core [ASM]]:   -Patched endStartSection!
[22:41:56] [main/INFO] [Hammer Core [ASM]]: Transforming net.minecraftforge.client.ForgeHooksClient (net.minecraftforge.client.ForgeHooksClient)...
[22:41:56] [main/INFO] [Hammer Core [ASM]]:   -Patched handleCameraTransforms!
[22:41:56] [Client thread/INFO] [net.minecraft.client.Minecraft]: Setting user: KoTeuKa404
[22:41:56] [Client thread/INFO] [thaumicaugmentationcore]: Successfully transformed class net.minecraft.block.Block
[22:41:56] [Client thread/INFO] [Hammer Core [ASM]]: Transforming net.minecraft.entity.item.EntityItem (net.minecraft.entity.item.EntityItem)...
[22:41:56] [Client thread/INFO] [Hammer Core [ASM]]:   -Patching EntityItem
[22:41:56] [Client thread/INFO] [Hammer Core [ASM]]:     -Modified method 'attackEntityFrom': added event call.
[22:41:56] [Client thread/INFO] [thaumicaugmentationcore]: Successfully transformed class net.minecraft.block.state.BlockStateContainer$StateImplementation
[22:41:56] [Client thread/INFO] [thaumicaugmentationcore]: Successfully transformed class net.minecraft.block.BlockFire
[22:41:56] [Client thread/INFO] [thaumicaugmentationcore]: Successfully transformed class net.minecraft.item.ItemSlab
[22:41:56] [Client thread/INFO] [thaumicaugmentationcore]: Successfully transformed class net.minecraft.item.ItemSpade
[22:41:56] [Client thread/INFO] [STDOUT]: [com.example.coremod.IngredientInvalidateAllTransformer:transform:51]: [ThaumicForever-Coremod] Patched Ingredient.invalidateAll snapshot iteration.
[22:41:56] [Client thread/INFO] [thaumicaugmentationcore]: Successfully transformed class net.minecraft.entity.monster.EntityEnderman$AITakeBlock
[22:41:56] [Client thread/INFO] [thaumicaugmentationcore]: Successfully transformed class net.minecraft.entity.ai.EntityAIEatGrass
[22:41:56] [Client thread/INFO] [thaumicaugmentationcore]: Successfully transformed class net.minecraft.entity.passive.EntityRabbit$AIRaidFarm
[22:41:56] [Client thread/INFO] [thaumicaugmentationcore]: Successfully transformed class net.minecraft.entity.ai.EntityAIHarvestFarmland
[22:41:57] [Client thread/WARN] [net.minecraft.client.settings.GameSettings]: Skipping bad option: lastServer:
[22:41:57] [Client thread/INFO] [net.minecraft.client.Minecraft]: LWJGL Version: 2.9.4
[22:41:57] [Client thread/INFO] [Hammer Core [ASM]]: Transforming net.minecraft.client.renderer.GlStateManager (net.minecraft.client.renderer.GlStateManager)...
[22:41:57] [Client thread/INFO] [Hammer Core [ASM]]:   -Patched enableLighting!
[22:41:57] [Client thread/INFO] [Hammer Core [ASM]]:   -Patched disableLighting!
[22:41:57] [Client thread/INFO] [MixinExtras|Service]: Initializing MixinExtras via com.llamalad7.mixinextras.service.MixinExtrasServiceImpl(version=0.5.0-beta.5).
[22:41:58] [Client thread/INFO] [FML]: -- System Details --
Details:
	Minecraft Version: 1.12.2
	Operating System: Windows 10 (amd64) version 10.0
	Java Version: 1.8.0_412, Temurin
	Java VM Version: OpenJDK 64-Bit Server VM (mixed mode), Temurin
	Memory: 1116530552 bytes (1064 MB) / 1470627840 bytes (1402 MB) up to 15202254848 bytes (14498 MB)
	JVM Flags: 0 total; 
	IntCache: cache: 0, tcache: 0, allocated: 0, tallocated: 0
	FML: 
	Loaded coremods (and transformers): 
Planar Artifice Coremod (planarartifice-1.4.0-pre7.jar)
  leppa.planarartifice.core.PATransformer
MixinBooter (!mixinbooter-10.5.jar)
  
CoreModPlugin (ThaumicForever-7.1.6.jar)
  com.example.coremod.IUEventHandlerTransformer
  com.example.coremod.IngredientInvalidateAllTransformer
  com.example.coremod.ThaumcraftLogisticsScrollTransformer
  com.example.coremod.ThaumcraftLogisticsSearchTransformer
  com.example.coremod.ThaumcraftLogisticsSearchLimitTransformer
  com.example.coremod.ThaumcraftLogisticsQueueTransformer
  com.example.coremod.ThaumcraftLogisticsRequestLifetimeTransformer
  com.example.coremod.ThaumcraftSealProvideTransformer
  com.example.coremod.ThaumcraftSealStockTransformer
  com.example.coremod.GolemTaskPriorityTransformer
  com.example.coremod.GolemRangedKitingTransformer
  com.example.coremod.GolemRenderScaleTransformer
  com.example.coremod.GolemHeldItemRenderTransformer
  com.example.coremod.BaublesClassSwapTransformer
  com.example.coremod.TransformerBaubles
ConfigAnytimePlugin (!configanytime-3.0.jar)
  
TARCore (ThaumicAdditions-1.12.2-12.7.9.jar)
  org.zeith.thaumicadditions.asm.TARTransformer
HCASM (HammerLib-1.12.2-12.2.50.jar)
  com.zeitheron.hammercore.asm.HammerCoreTransformer
CRCoreMixinLoader (New-Crimson-Revelations-1.12.2-1.5.2.jar)
  
Thaumic Augmentation Core Plugin (ThaumicAugmentation-1.12.2-2.1.14.jar)
  thecodex6824.thaumicaugmentation.core.TATransformer
	GL info: ' Vendor: 'NVIDIA Corporation' Version: '4.6.0 NVIDIA 581.80' Renderer: 'NVIDIA GeForce RTX 4060 Laptop GPU/PCIe/SSE2'
[22:41:58] [Client thread/INFO] [FML]: MinecraftForge v14.23.5.2820 Initialized
[22:41:58] [Client thread/INFO] [FML]: Starts to replace vanilla recipe ingredients with ore ingredients.
[22:41:58] [Client thread/INFO] [FML]: Replaced 1036 ore ingredients
[22:41:58] [Client thread/INFO] [MixinBooter]: Initializing MixinBooter's Mod Container.
[22:41:58] [Client thread/INFO] [FML]: Searching C:\jaba\run\.\mods for mods
[22:41:59] [Client thread/WARN] [FML]: Mod planarartifice is missing the required element 'version' and a version.properties file could not be found. Falling back to metadata version 1.4.0-pre7
[22:41:59] [Client thread/ERROR] [FML]: Unable to read a class file correctly
java.lang.IllegalArgumentException: null
	at org.objectweb.asm.ClassReader.<init>(ClassReader.java:185) ~[asm-debug-all-5.2.jar:5.2]
	at org.objectweb.asm.ClassReader.<init>(ClassReader.java:168) ~[asm-debug-all-5.2.jar:5.2]
	at org.objectweb.asm.ClassReader.<init>(ClassReader.java:439) ~[asm-debug-all-5.2.jar:5.2]
	at net.minecraftforge.fml.common.discovery.asm.ASMModParser.<init>(ASMModParser.java:57) [ASMModParser.class:?]
	at net.minecraftforge.fml.common.discovery.JarDiscoverer.findClassesASM(JarDiscoverer.java:102) [JarDiscoverer.class:?]
	at net.minecraftforge.fml.common.discovery.JarDiscoverer.discover(JarDiscoverer.java:77) [JarDiscoverer.class:?]
	at net.minecraftforge.fml.common.discovery.ContainerType.findMods(ContainerType.java:47) [ContainerType.class:?]
	at net.minecraftforge.fml.common.discovery.ModCandidate.explore(ModCandidate.java:74) [ModCandidate.class:?]
	at net.minecraftforge.fml.common.discovery.ModDiscoverer.identifyMods(ModDiscoverer.java:93) [ModDiscoverer.class:?]
	at net.minecraftforge.fml.common.Loader.identifyMods(Loader.java:425) [Loader.class:?]
	at net.minecraftforge.fml.common.Loader.loadMods(Loader.java:566) [Loader.class:?]
	at net.minecraftforge.fml.client.FMLClientHandler.beginMinecraftLoading(FMLClientHandler.java:232) [FMLClientHandler.class:?]
	at net.minecraft.client.Minecraft.init(Minecraft.java:514) [Minecraft.class:?]
	at net.minecraft.client.Minecraft.run(Minecraft.java:422) [Minecraft.class:?]
	at net.minecraft.client.main.Main.main(Main.java:118) [Main.class:?]
	at sun.reflect.NativeMethodAccessorImpl.invoke0(Native Method) ~[?:1.8.0_412]
	at sun.reflect.NativeMethodAccessorImpl.invoke(NativeMethodAccessorImpl.java:62) ~[?:1.8.0_412]
	at sun.reflect.DelegatingMethodAccessorImpl.invoke(DelegatingMethodAccessorImpl.java:43) ~[?:1.8.0_412]
	at java.lang.reflect.Method.invoke(Method.java:498) ~[?:1.8.0_412]
	at net.minecraft.launchwrapper.Launch.launch(Launch.java:135) [launchwrapper-1.12.jar:?]
	at net.minecraft.launchwrapper.Launch.main(Launch.java:28) [launchwrapper-1.12.jar:?]
	at sun.reflect.NativeMethodAccessorImpl.invoke0(Native Method) ~[?:1.8.0_412]
	at sun.reflect.NativeMethodAccessorImpl.invoke(NativeMethodAccessorImpl.java:62) ~[?:1.8.0_412]
	at sun.reflect.DelegatingMethodAccessorImpl.invoke(DelegatingMethodAccessorImpl.java:43) ~[?:1.8.0_412]
	at java.lang.reflect.Method.invoke(Method.java:498) ~[?:1.8.0_412]
	at net.minecraftforge.gradle.GradleStartCommon.launch(GradleStartCommon.java:97) [start/:?]
	at GradleStart.main(GradleStart.java:25) [start/:?]
[22:41:59] [Client thread/ERROR] [FML]: There was a problem reading the entry META-INF/versions/9/module-info.class in the jar .\mods\spark-forge.jar - probably a corrupt zip
net.minecraftforge.fml.common.LoaderException: java.lang.IllegalArgumentException

	at net.minecraftforge.fml.common.discovery.asm.ASMModParser.<init>(ASMModParser.java:63) ~[ASMModParser.class:?]
	at net.minecraftforge.fml.common.discovery.JarDiscoverer.findClassesASM(JarDiscoverer.java:102) [JarDiscoverer.class:?]
	at net.minecraftforge.fml.common.discovery.JarDiscoverer.discover(JarDiscoverer.java:77) [JarDiscoverer.class:?]
	at net.minecraftforge.fml.common.discovery.ContainerType.findMods(ContainerType.java:47) [ContainerType.class:?]
	at net.minecraftforge.fml.common.discovery.ModCandidate.explore(ModCandidate.java:74) [ModCandidate.class:?]
	at net.minecraftforge.fml.common.discovery.ModDiscoverer.identifyMods(ModDiscoverer.java:93) [ModDiscoverer.class:?]
	at net.minecraftforge.fml.common.Loader.identifyMods(Loader.java:425) [Loader.class:?]
	at net.minecraftforge.fml.common.Loader.loadMods(Loader.java:566) [Loader.class:?]
	at net.minecraftforge.fml.client.FMLClientHandler.beginMinecraftLoading(FMLClientHandler.java:232) [FMLClientHandler.class:?]
	at net.minecraft.client.Minecraft.init(Minecraft.java:514) [Minecraft.class:?]
	at net.minecraft.client.Minecraft.run(Minecraft.java:422) [Minecraft.class:?]
	at net.minecraft.client.main.Main.main(Main.java:118) [Main.class:?]
	at sun.reflect.NativeMethodAccessorImpl.invoke0(Native Method) ~[?:1.8.0_412]
	at sun.reflect.NativeMethodAccessorImpl.invoke(NativeMethodAccessorImpl.java:62) ~[?:1.8.0_412]
	at sun.reflect.DelegatingMethodAccessorImpl.invoke(DelegatingMethodAccessorImpl.java:43) ~[?:1.8.0_412]
	at java.lang.reflect.Method.invoke(Method.java:498) ~[?:1.8.0_412]
	at net.minecraft.launchwrapper.Launch.launch(Launch.java:135) [launchwrapper-1.12.jar:?]
	at net.minecraft.launchwrapper.Launch.main(Launch.java:28) [launchwrapper-1.12.jar:?]
	at sun.reflect.NativeMethodAccessorImpl.invoke0(Native Method) ~[?:1.8.0_412]
	at sun.reflect.NativeMethodAccessorImpl.invoke(NativeMethodAccessorImpl.java:62) ~[?:1.8.0_412]
	at sun.reflect.DelegatingMethodAccessorImpl.invoke(DelegatingMethodAccessorImpl.java:43) ~[?:1.8.0_412]
	at java.lang.reflect.Method.invoke(Method.java:498) ~[?:1.8.0_412]
	at net.minecraftforge.gradle.GradleStartCommon.launch(GradleStartCommon.java:97) [start/:?]
	at GradleStart.main(GradleStart.java:25) [start/:?]
Caused by: java.lang.IllegalArgumentException
	at org.objectweb.asm.ClassReader.<init>(ClassReader.java:185) ~[asm-debug-all-5.2.jar:5.2]
	at org.objectweb.asm.ClassReader.<init>(ClassReader.java:168) ~[asm-debug-all-5.2.jar:5.2]
	at org.objectweb.asm.ClassReader.<init>(ClassReader.java:439) ~[asm-debug-all-5.2.jar:5.2]
	at net.minecraftforge.fml.common.discovery.asm.ASMModParser.<init>(ASMModParser.java:57) ~[ASMModParser.class:?]
	... 23 more
[22:41:59] [Client thread/WARN] [FML]: Zip file spark-forge.jar failed to read properly, it will be ignored
net.minecraftforge.fml.common.LoaderException: java.lang.IllegalArgumentException

	at net.minecraftforge.fml.common.discovery.asm.ASMModParser.<init>(ASMModParser.java:63) ~[ASMModParser.class:?]
	at net.minecraftforge.fml.common.discovery.JarDiscoverer.findClassesASM(JarDiscoverer.java:102) ~[JarDiscoverer.class:?]
	at net.minecraftforge.fml.common.discovery.JarDiscoverer.discover(JarDiscoverer.java:77) [JarDiscoverer.class:?]
	at net.minecraftforge.fml.common.discovery.ContainerType.findMods(ContainerType.java:47) [ContainerType.class:?]
	at net.minecraftforge.fml.common.discovery.ModCandidate.explore(ModCandidate.java:74) [ModCandidate.class:?]
	at net.minecraftforge.fml.common.discovery.ModDiscoverer.identifyMods(ModDiscoverer.java:93) [ModDiscoverer.class:?]
	at net.minecraftforge.fml.common.Loader.identifyMods(Loader.java:425) [Loader.class:?]
	at net.minecraftforge.fml.common.Loader.loadMods(Loader.java:566) [Loader.class:?]
	at net.minecraftforge.fml.client.FMLClientHandler.beginMinecraftLoading(FMLClientHandler.java:232) [FMLClientHandler.class:?]
	at net.minecraft.client.Minecraft.init(Minecraft.java:514) [Minecraft.class:?]
	at net.minecraft.client.Minecraft.run(Minecraft.java:422) [Minecraft.class:?]
	at net.minecraft.client.main.Main.main(Main.java:118) [Main.class:?]
	at sun.reflect.NativeMethodAccessorImpl.invoke0(Native Method) ~[?:1.8.0_412]
	at sun.reflect.NativeMethodAccessorImpl.invoke(NativeMethodAccessorImpl.java:62) ~[?:1.8.0_412]
	at sun.reflect.DelegatingMethodAccessorImpl.invoke(DelegatingMethodAccessorImpl.java:43) ~[?:1.8.0_412]
	at java.lang.reflect.Method.invoke(Method.java:498) ~[?:1.8.0_412]
	at net.minecraft.launchwrapper.Launch.launch(Launch.java:135) [launchwrapper-1.12.jar:?]
	at net.minecraft.launchwrapper.Launch.main(Launch.java:28) [launchwrapper-1.12.jar:?]
	at sun.reflect.NativeMethodAccessorImpl.invoke0(Native Method) ~[?:1.8.0_412]
	at sun.reflect.NativeMethodAccessorImpl.invoke(NativeMethodAccessorImpl.java:62) ~[?:1.8.0_412]
	at sun.reflect.DelegatingMethodAccessorImpl.invoke(DelegatingMethodAccessorImpl.java:43) ~[?:1.8.0_412]
	at java.lang.reflect.Method.invoke(Method.java:498) ~[?:1.8.0_412]
	at net.minecraftforge.gradle.GradleStartCommon.launch(GradleStartCommon.java:97) [start/:?]
	at GradleStart.main(GradleStart.java:25) [start/:?]
Caused by: java.lang.IllegalArgumentException
	at org.objectweb.asm.ClassReader.<init>(ClassReader.java:185) ~[asm-debug-all-5.2.jar:5.2]
	at org.objectweb.asm.ClassReader.<init>(ClassReader.java:168) ~[asm-debug-all-5.2.jar:5.2]
	at org.objectweb.asm.ClassReader.<init>(ClassReader.java:439) ~[asm-debug-all-5.2.jar:5.2]
	at net.minecraftforge.fml.common.discovery.asm.ASMModParser.<init>(ASMModParser.java:57) ~[ASMModParser.class:?]
	... 23 more
[22:41:59] [Client thread/INFO] [FML]: Forge Mod Loader has identified 32 mods to load
[22:41:59] [Client thread/WARN] [FML]: ****************************************
[22:41:59] [Client thread/WARN] [FML]: * The API Thaumcraft|API from source C:\Users\home\.gradle\caches\minecraft\deobfedDeps\deobf\com\azanor\Thaumcraft\1.12.2-6.1.BETA26\Thaumcraft-1.12.2-6.1.BETA26.jar is loaded from an incompatible classloader. THIS WILL NOT WORK!
[22:41:59] [Client thread/WARN] [FML]: *  at net.minecraftforge.fml.common.ModAPIManager$APIContainer.validate(ModAPIManager.java:114)
[22:41:59] [Client thread/WARN] [FML]: *  at net.minecraftforge.fml.common.ModAPIManager.registerDataTableAndParseAPI(ModAPIManager.java:174)
[22:41:59] [Client thread/WARN] [FML]: *  at net.minecraftforge.fml.common.ModAPIManager.manageAPI(ModAPIManager.java:232)
[22:41:59] [Client thread/WARN] [FML]: *  at net.minecraftforge.fml.common.Loader.loadMods(Loader.java:567)
[22:41:59] [Client thread/WARN] [FML]: *  at net.minecraftforge.fml.client.FMLClientHandler.beginMinecraftLoading(FMLClientHandler.java:232)
[22:41:59] [Client thread/WARN] [FML]: *  at net.minecraft.client.Minecraft.init(Minecraft.java:514)...
[22:41:59] [Client thread/WARN] [FML]: ****************************************
[22:41:59] [Client thread/INFO] [FML]: Found mod(s) [thaumicforever, oldresearch] containing declared API package baubles.api (owned by Baubles) without associated API reference
[22:41:59] [Client thread/INFO] [MixinBooter]: Loading late loader [com.verdantartifice.thaumicwonders.core.ModMixins] for its mixins.
[22:41:59] [Client thread/INFO] [MixinBooter]: Loading late loader [com.wonginnovations.oldresearch.core.OldResearchMixinLoader] for its mixins.
[22:41:59] [Client thread/INFO] [MixinBooter]: Loading late loader [mod.icarus.crimsonrevelations.mixin.CRLateMixinLoader] for its mixins.
[22:41:59] [Client thread/INFO] [MixinBooter]: Adding [mixins.oldresearch.json] mixin configuration.
[22:41:59] [Client thread/INFO] [MixinBooter]: Adding [mixins.crimsonrevelations.misc.json] mixin configuration.
[22:41:59] [Client thread/INFO] [MixinBooter]: Adding [mixins.crimsonrevelations.entities.json] mixin configuration.
[22:41:59] [Client thread/INFO] [MixinBooter]: Adding [mixins.crimsonrevelations.events.json] mixin configuration.
[22:41:59] [Client thread/INFO] [planarartificecore]: [PA, CORE] Transforming via leppa.planarartifice.core.TransformCraftingManager
[22:41:59] [Client thread/INFO] [planarartificecore]: [PA, CORE] Patching in generateTagsFromRecipes
[22:41:59] [Client thread/INFO] [planarartificecore]: [PA, CORE] Offset: 43, 176 > -1
[22:41:59] [Client thread/INFO] [planarartificecore]: [PA, CORE] Successfully patched in generateTagsFromRecipes
[22:41:59] [Client thread/INFO] [planarartificecore]: [PA, CORE] Transforming via leppa.planarartifice.core.TransformDrawKnowledge
[22:41:59] [Client thread/INFO] [planarartificecore]: [PA, CORE] Patching in drawKnowledges rows
[22:41:59] [Client thread/INFO] [planarartificecore]: [PA, CORE] Offset: 75, 21 > 3
[22:41:59] [Client thread/INFO] [planarartificecore]: [PA, CORE] Successfully patched in drawKnowledges rows
[22:41:59] [Client thread/INFO] [thaumicaugmentationcore]: Successfully transformed class thaumcraft.client.gui.GuiResearchPage
[22:41:59] [Client thread/INFO] [FML]: Attempting connection with missing mods [minecraft, mcp, mixinbooter, FML, forge, baubles, jei, thaumcraft, thaumicforever, oldresearch, configanytime, ctgui, crafttweaker, crafttweakerjei, hammercore, waila, isorropia, journeymap, naturescompass, crimsonrevelations, planarartifice, forbiddenmagicre, spark, tg, thaumadditions, thaumicaugmentation, thaumicbases, thaumicconcilium, thaumicjei, thaumicrestoration, thaumictinkerer, thaumicwonders] at CLIENT
[22:41:59] [Client thread/INFO] [FML]: Attempting connection with missing mods [minecraft, mcp, mixinbooter, FML, forge, baubles, jei, thaumcraft, thaumicforever, oldresearch, configanytime, ctgui, crafttweaker, crafttweakerjei, hammercore, waila, isorropia, journeymap, naturescompass, crimsonrevelations, planarartifice, forbiddenmagicre, spark, tg, thaumadditions, thaumicaugmentation, thaumicbases, thaumicconcilium, thaumicjei, thaumicrestoration, thaumictinkerer, thaumicwonders] at SERVER
[22:42:00] [Client thread/INFO] [STDERR]: [com.example.coremod.BaublesClassSwapTransformer:transform:43]: [BaublesClassSwap] Replacement not found: baubles/baubles/api/BaubleType.class
[22:42:00] [Client thread/INFO] [thaumicaugmentationcore]: Successfully transformed class net.minecraft.client.model.ModelBiped
[22:42:00] [Thread-4/INFO] [FML]: Using sync timing. 200 frames of Display.update took 112534700 nanos
[22:42:00] [Client thread/INFO] [STDOUT]: [com.example.coremod.GolemRenderScaleTransformer:transform:53]: [ThaumicForever-Coremod] Hooked golem render scale.
[22:42:00] [Client thread/INFO] [STDOUT]: [com.example.coremod.GolemHeldItemRenderTransformer:transform:58]: [ThaumicForever-Coremod] Hooked golem held caster render.
[22:42:00] [Client thread/INFO] [thaumicaugmentationcore]: Successfully transformed class net.minecraft.network.NetHandlerPlayServer
[22:42:00] [Client thread/INFO] [thaumicaugmentationcore]: Successfully transformed class net.minecraft.client.renderer.RenderGlobal
[22:42:00] [Client thread/INFO] [thaumicaugmentationcore]: Successfully transformed class net.minecraft.entity.player.EntityPlayer
[22:42:00] [Client thread/INFO] [Hammer Core [ASM]]: Transforming net.minecraft.world.World (net.minecraft.world.World)...
[22:42:00] [Client thread/INFO] [Hammer Core [ASM]]:   -Patching World
[22:42:00] [Client thread/INFO] [Hammer Core [ASM]]:     -Modified method 'updateEntities', replaced net/minecraft/util/ITickable.update()V with HC call.
[22:42:00] [Client thread/INFO] [thaumicaugmentationcore]: Successfully transformed class net.minecraft.world.World
[22:42:00] [Client thread/INFO] [Hammer Core [ASM]]: Transforming net.minecraft.entity.EntityLivingBase (net.minecraft.entity.EntityLivingBase)...
[22:42:00] [Client thread/INFO] [Hammer Core [ASM]]:   -Patching EntityLivingBase
[22:42:00] [Client thread/INFO] [Hammer Core [ASM]]:     -Modified method 'onItemUseFinish': added event call.
[22:42:00] [Client thread/INFO] [thaumicaugmentationcore]: Successfully transformed class net.minecraft.entity.EntityLivingBase
[22:42:00] [Client thread/INFO] [Hammer Core [ASM]]: Transforming net.minecraft.entity.item.EntityItem (net.minecraft.entity.item.EntityItem)...
[22:42:00] [Client thread/INFO] [Hammer Core [ASM]]:   -Patching EntityItem
[22:42:00] [Client thread/INFO] [Hammer Core [ASM]]:     -Modified method 'attackEntityFrom': added event call.
[22:42:00] [Client thread/INFO] [planarartificecore]: [PA, CORE] Transforming via leppa.planarartifice.core.TransformGelumComposition
[22:42:00] [Client thread/INFO] [planarartificecore]: [PA, CORE] Patching in Gelum
[22:42:00] [Client thread/INFO] [planarartificecore]: [PA, CORE] Justice is Served
[22:42:01] [Client thread/INFO] [Hammer Core [ASM]]: Transforming net.minecraft.client.renderer.GlStateManager (net.minecraft.client.renderer.GlStateManager)...
[22:42:01] [Client thread/INFO] [Hammer Core [ASM]]:   -Patched enableLighting!
[22:42:01] [Client thread/INFO] [Hammer Core [ASM]]:   -Patched disableLighting!
[22:42:01] [Client thread/INFO] [thaumicaugmentationcore]: Successfully transformed class net.minecraft.block.Block
[22:42:01] [Client thread/WARN] [FML]: ****************************************
[22:42:01] [Client thread/WARN] [FML]: * Could not determine owning mod for @EventBusSubscriber on com.koteuka404.thaumicforever.recipe.RecipeOverride for mod thaumicforever
[22:42:01] [Client thread/WARN] [FML]: *  at net.minecraftforge.fml.common.AutomaticEventSubscriber.inject(AutomaticEventSubscriber.java:71)
[22:42:01] [Client thread/WARN] [FML]: *  at net.minecraftforge.fml.common.FMLModContainer.constructMod(FMLModContainer.java:601)
[22:42:01] [Client thread/WARN] [FML]: *  at sun.reflect.NativeMethodAccessorImpl.invoke0(Native Method)
[22:42:01] [Client thread/WARN] [FML]: *  at sun.reflect.NativeMethodAccessorImpl.invoke(NativeMethodAccessorImpl.java:62)
[22:42:01] [Client thread/WARN] [FML]: *  at sun.reflect.DelegatingMethodAccessorImpl.invoke(DelegatingMethodAccessorImpl.java:43)
[22:42:01] [Client thread/WARN] [FML]: *  at java.lang.reflect.Method.invoke(Method.java:498)...
[22:42:01] [Client thread/WARN] [FML]: ****************************************
[22:42:01] [Client thread/INFO] [planarartificecore]: [PA, CORE] Transforming via leppa.planarartifice.core.TransformGelumComposition
[22:42:01] [Client thread/INFO] [planarartificecore]: [PA, CORE] Patching in Gelum
[22:42:01] [Client thread/INFO] [planarartificecore]: [PA, CORE] Justice is Served
[22:42:01] [Client thread/WARN] [FML]: ****************************************
[22:42:01] [Client thread/WARN] [FML]: * Could not determine owning mod for @EventBusSubscriber on com.koteuka404.thaumicforever.recipe.RemoveRecipes for mod thaumicforever
[22:42:01] [Client thread/WARN] [FML]: *  at net.minecraftforge.fml.common.AutomaticEventSubscriber.inject(AutomaticEventSubscriber.java:71)
[22:42:01] [Client thread/WARN] [FML]: *  at net.minecraftforge.fml.common.FMLModContainer.constructMod(FMLModContainer.java:601)
[22:42:01] [Client thread/WARN] [FML]: *  at sun.reflect.NativeMethodAccessorImpl.invoke0(Native Method)
[22:42:01] [Client thread/WARN] [FML]: *  at sun.reflect.NativeMethodAccessorImpl.invoke(NativeMethodAccessorImpl.java:62)
[22:42:01] [Client thread/WARN] [FML]: *  at sun.reflect.DelegatingMethodAccessorImpl.invoke(DelegatingMethodAccessorImpl.java:43)
[22:42:01] [Client thread/WARN] [FML]: *  at java.lang.reflect.Method.invoke(Method.java:498)...
[22:42:01] [Client thread/WARN] [FML]: ****************************************
[22:42:01] [Client thread/WARN] [FML]: ****************************************
[22:42:01] [Client thread/WARN] [FML]: * Could not determine owning mod for @EventBusSubscriber on com.koteuka404.thaumicforever.wand.main.TW_Research for mod thaumicforever
[22:42:01] [Client thread/WARN] [FML]: *  at net.minecraftforge.fml.common.AutomaticEventSubscriber.inject(AutomaticEventSubscriber.java:71)
[22:42:01] [Client thread/WARN] [FML]: *  at net.minecraftforge.fml.common.FMLModContainer.constructMod(FMLModContainer.java:601)
[22:42:01] [Client thread/WARN] [FML]: *  at sun.reflect.NativeMethodAccessorImpl.invoke0(Native Method)
[22:42:01] [Client thread/WARN] [FML]: *  at sun.reflect.NativeMethodAccessorImpl.invoke(NativeMethodAccessorImpl.java:62)
[22:42:01] [Client thread/WARN] [FML]: *  at sun.reflect.DelegatingMethodAccessorImpl.invoke(DelegatingMethodAccessorImpl.java:43)
[22:42:01] [Client thread/WARN] [FML]: *  at java.lang.reflect.Method.invoke(Method.java:498)...
[22:42:01] [Client thread/WARN] [FML]: ****************************************
[22:42:01] [Client thread/WARN] [FML]: ****************************************
[22:42:01] [Client thread/WARN] [FML]: * Could not determine owning mod for @EventBusSubscriber on com.wonginnovations.oldresearch.common.lib.events.WorldEvents for mod thaumicforever
[22:42:01] [Client thread/WARN] [FML]: *  at net.minecraftforge.fml.common.AutomaticEventSubscriber.inject(AutomaticEventSubscriber.java:71)
[22:42:01] [Client thread/WARN] [FML]: *  at net.minecraftforge.fml.common.FMLModContainer.constructMod(FMLModContainer.java:601)
[22:42:01] [Client thread/WARN] [FML]: *  at sun.reflect.NativeMethodAccessorImpl.invoke0(Native Method)
[22:42:01] [Client thread/WARN] [FML]: *  at sun.reflect.NativeMethodAccessorImpl.invoke(NativeMethodAccessorImpl.java:62)
[22:42:01] [Client thread/WARN] [FML]: *  at sun.reflect.DelegatingMethodAccessorImpl.invoke(DelegatingMethodAccessorImpl.java:43)
[22:42:01] [Client thread/WARN] [FML]: *  at java.lang.reflect.Method.invoke(Method.java:498)...
[22:42:01] [Client thread/WARN] [FML]: ****************************************
[22:42:01] [Client thread/WARN] [FML]: ****************************************
[22:42:01] [Client thread/WARN] [FML]: * Could not determine owning mod for @EventBusSubscriber on com.koteuka404.thaumicforever.item.ItemMask for mod thaumicforever
[22:42:01] [Client thread/WARN] [FML]: *  at net.minecraftforge.fml.common.AutomaticEventSubscriber.inject(AutomaticEventSubscriber.java:71)
[22:42:01] [Client thread/WARN] [FML]: *  at net.minecraftforge.fml.common.FMLModContainer.constructMod(FMLModContainer.java:601)
[22:42:01] [Client thread/WARN] [FML]: *  at sun.reflect.NativeMethodAccessorImpl.invoke0(Native Method)
[22:42:01] [Client thread/WARN] [FML]: *  at sun.reflect.NativeMethodAccessorImpl.invoke(NativeMethodAccessorImpl.java:62)
[22:42:01] [Client thread/WARN] [FML]: *  at sun.reflect.DelegatingMethodAccessorImpl.invoke(DelegatingMethodAccessorImpl.java:43)
[22:42:01] [Client thread/WARN] [FML]: *  at java.lang.reflect.Method.invoke(Method.java:498)...
[22:42:01] [Client thread/WARN] [FML]: ****************************************
[22:42:01] [Client thread/WARN] [FML]: ****************************************
[22:42:01] [Client thread/WARN] [FML]: * Could not determine owning mod for @EventBusSubscriber on com.koteuka404.thaumicforever.event.VoidRepairHandler for mod thaumicforever
[22:42:01] [Client thread/WARN] [FML]: *  at net.minecraftforge.fml.common.AutomaticEventSubscriber.inject(AutomaticEventSubscriber.java:71)
[22:42:01] [Client thread/WARN] [FML]: *  at net.minecraftforge.fml.common.FMLModContainer.constructMod(FMLModContainer.java:601)
[22:42:01] [Client thread/WARN] [FML]: *  at sun.reflect.NativeMethodAccessorImpl.invoke0(Native Method)
[22:42:01] [Client thread/WARN] [FML]: *  at sun.reflect.NativeMethodAccessorImpl.invoke(NativeMethodAccessorImpl.java:62)
[22:42:01] [Client thread/WARN] [FML]: *  at sun.reflect.DelegatingMethodAccessorImpl.invoke(DelegatingMethodAccessorImpl.java:43)
[22:42:01] [Client thread/WARN] [FML]: *  at java.lang.reflect.Method.invoke(Method.java:498)...
[22:42:01] [Client thread/WARN] [FML]: ****************************************
[22:42:01] [Client thread/WARN] [FML]: ****************************************
[22:42:01] [Client thread/WARN] [FML]: * Could not determine owning mod for @EventBusSubscriber on com.koteuka404.thaumicforever.item.ItemTaintAmulet for mod thaumicforever
[22:42:01] [Client thread/WARN] [FML]: *  at net.minecraftforge.fml.common.AutomaticEventSubscriber.inject(AutomaticEventSubscriber.java:71)
[22:42:01] [Client thread/WARN] [FML]: *  at net.minecraftforge.fml.common.FMLModContainer.constructMod(FMLModContainer.java:601)
[22:42:01] [Client thread/WARN] [FML]: *  at sun.reflect.NativeMethodAccessorImpl.invoke0(Native Method)
[22:42:01] [Client thread/WARN] [FML]: *  at sun.reflect.NativeMethodAccessorImpl.invoke(NativeMethodAccessorImpl.java:62)
[22:42:01] [Client thread/WARN] [FML]: *  at sun.reflect.DelegatingMethodAccessorImpl.invoke(DelegatingMethodAccessorImpl.java:43)
[22:42:01] [Client thread/WARN] [FML]: *  at java.lang.reflect.Method.invoke(Method.java:498)...
[22:42:01] [Client thread/WARN] [FML]: ****************************************
[22:42:01] [Client thread/INFO] [HammerLib]: Added particle lighting supplier
[22:42:02] [Client thread/INFO] [HammerLib]: Applied @SimplyRegister to com.zeitheron.hammercore.internal.init.BlocksHC, which belongs to hammercore (HammerLib)
[22:42:02] [Client thread/INFO] [HammerLib]: Applied @SimplyRegister to org.zeith.hammerlib.core.init.SourceTypesHL, which belongs to hammercore (HammerLib)
[22:42:02] [Client thread/INFO] [HammerLib]: Applied @SimplyRegister to com.zeitheron.hammercore.internal.init.ItemsHC, which belongs to hammercore (HammerLib)
[22:42:02] [Client thread/INFO] [thaumicaugmentationcore]: Successfully transformed class thaumcraft.common.entities.EntityFluxRift
[22:42:02] [Client thread/INFO] [thaumicaugmentationcore]: Successfully transformed class thaumcraft.common.items.casters.foci.FocusMediumTouch
[22:42:03] [Client thread/INFO] [thaumadditions]: You are running general public build 12.7.9@bc-270518. You're fine! ;)
[22:42:03] [Client thread/WARN] [FML]: ****************************************
[22:42:03] [Client thread/WARN] [FML]: * Could not determine owning mod for @EventBusSubscriber on com.koteuka404.thaumicforever.recipe.RecipeOverride for mod oldresearch
[22:42:03] [Client thread/WARN] [FML]: *  at net.minecraftforge.fml.common.AutomaticEventSubscriber.inject(AutomaticEventSubscriber.java:71)
[22:42:03] [Client thread/WARN] [FML]: *  at net.minecraftforge.fml.common.FMLModContainer.constructMod(FMLModContainer.java:601)
[22:42:03] [Client thread/WARN] [FML]: *  at sun.reflect.GeneratedMethodAccessor10.invoke(Unknown Source)
[22:42:03] [Client thread/WARN] [FML]: *  at sun.reflect.DelegatingMethodAccessorImpl.invoke(DelegatingMethodAccessorImpl.java:43)
[22:42:03] [Client thread/WARN] [FML]: *  at java.lang.reflect.Method.invoke(Method.java:498)
[22:42:03] [Client thread/WARN] [FML]: *  at com.google.common.eventbus.Subscriber.invokeSubscriberMethod(Subscriber.java:91)...
[22:42:03] [Client thread/WARN] [FML]: ****************************************
[22:42:03] [Client thread/WARN] [FML]: ****************************************
[22:42:03] [Client thread/WARN] [FML]: * Could not determine owning mod for @EventBusSubscriber on com.koteuka404.thaumicforever.recipe.RemoveRecipes for mod oldresearch
[22:42:03] [Client thread/WARN] [FML]: *  at net.minecraftforge.fml.common.AutomaticEventSubscriber.inject(AutomaticEventSubscriber.java:71)
[22:42:03] [Client thread/WARN] [FML]: *  at net.minecraftforge.fml.common.FMLModContainer.constructMod(FMLModContainer.java:601)
[22:42:03] [Client thread/WARN] [FML]: *  at sun.reflect.GeneratedMethodAccessor10.invoke(Unknown Source)
[22:42:03] [Client thread/WARN] [FML]: *  at sun.reflect.DelegatingMethodAccessorImpl.invoke(DelegatingMethodAccessorImpl.java:43)
[22:42:03] [Client thread/WARN] [FML]: *  at java.lang.reflect.Method.invoke(Method.java:498)
[22:42:03] [Client thread/WARN] [FML]: *  at com.google.common.eventbus.Subscriber.invokeSubscriberMethod(Subscriber.java:91)...
[22:42:03] [Client thread/WARN] [FML]: ****************************************
[22:42:03] [Client thread/WARN] [FML]: ****************************************
[22:42:03] [Client thread/WARN] [FML]: * Could not determine owning mod for @EventBusSubscriber on com.koteuka404.thaumicforever.wand.main.TW_Research for mod oldresearch
[22:42:03] [Client thread/WARN] [FML]: *  at net.minecraftforge.fml.common.AutomaticEventSubscriber.inject(AutomaticEventSubscriber.java:71)
[22:42:03] [Client thread/WARN] [FML]: *  at net.minecraftforge.fml.common.FMLModContainer.constructMod(FMLModContainer.java:601)
[22:42:03] [Client thread/WARN] [FML]: *  at sun.reflect.GeneratedMethodAccessor10.invoke(Unknown Source)
[22:42:03] [Client thread/WARN] [FML]: *  at sun.reflect.DelegatingMethodAccessorImpl.invoke(DelegatingMethodAccessorImpl.java:43)
[22:42:03] [Client thread/WARN] [FML]: *  at java.lang.reflect.Method.invoke(Method.java:498)
[22:42:03] [Client thread/WARN] [FML]: *  at com.google.common.eventbus.Subscriber.invokeSubscriberMethod(Subscriber.java:91)...
[22:42:03] [Client thread/WARN] [FML]: ****************************************
[22:42:03] [Client thread/WARN] [FML]: ****************************************
[22:42:03] [Client thread/WARN] [FML]: * Could not determine owning mod for @EventBusSubscriber on com.wonginnovations.oldresearch.common.lib.events.WorldEvents for mod oldresearch
[22:42:03] [Client thread/WARN] [FML]: *  at net.minecraftforge.fml.common.AutomaticEventSubscriber.inject(AutomaticEventSubscriber.java:71)
[22:42:03] [Client thread/WARN] [FML]: *  at net.minecraftforge.fml.common.FMLModContainer.constructMod(FMLModContainer.java:601)
[22:42:03] [Client thread/WARN] [FML]: *  at sun.reflect.GeneratedMethodAccessor10.invoke(Unknown Source)
[22:42:03] [Client thread/WARN] [FML]: *  at sun.reflect.DelegatingMethodAccessorImpl.invoke(DelegatingMethodAccessorImpl.java:43)
[22:42:03] [Client thread/WARN] [FML]: *  at java.lang.reflect.Method.invoke(Method.java:498)
[22:42:03] [Client thread/WARN] [FML]: *  at com.google.common.eventbus.Subscriber.invokeSubscriberMethod(Subscriber.java:91)...
[22:42:03] [Client thread/WARN] [FML]: ****************************************
[22:42:03] [Client thread/WARN] [FML]: ****************************************
[22:42:03] [Client thread/WARN] [FML]: * Could not determine owning mod for @EventBusSubscriber on com.koteuka404.thaumicforever.item.ItemMask for mod oldresearch
[22:42:03] [Client thread/WARN] [FML]: *  at net.minecraftforge.fml.common.AutomaticEventSubscriber.inject(AutomaticEventSubscriber.java:71)
[22:42:03] [Client thread/WARN] [FML]: *  at net.minecraftforge.fml.common.FMLModContainer.constructMod(FMLModContainer.java:601)
[22:42:03] [Client thread/WARN] [FML]: *  at sun.reflect.GeneratedMethodAccessor10.invoke(Unknown Source)
[22:42:03] [Client thread/WARN] [FML]: *  at sun.reflect.DelegatingMethodAccessorImpl.invoke(DelegatingMethodAccessorImpl.java:43)
[22:42:03] [Client thread/WARN] [FML]: *  at java.lang.reflect.Method.invoke(Method.java:498)
[22:42:03] [Client thread/WARN] [FML]: *  at com.google.common.eventbus.Subscriber.invokeSubscriberMethod(Subscriber.java:91)...
[22:42:03] [Client thread/WARN] [FML]: ****************************************
[22:42:03] [Client thread/WARN] [FML]: ****************************************
[22:42:03] [Client thread/WARN] [FML]: * Could not determine owning mod for @EventBusSubscriber on com.koteuka404.thaumicforever.event.VoidRepairHandler for mod oldresearch
[22:42:03] [Client thread/WARN] [FML]: *  at net.minecraftforge.fml.common.AutomaticEventSubscriber.inject(AutomaticEventSubscriber.java:71)
[22:42:03] [Client thread/WARN] [FML]: *  at net.minecraftforge.fml.common.FMLModContainer.constructMod(FMLModContainer.java:601)
[22:42:03] [Client thread/WARN] [FML]: *  at sun.reflect.GeneratedMethodAccessor10.invoke(Unknown Source)
[22:42:03] [Client thread/WARN] [FML]: *  at sun.reflect.DelegatingMethodAccessorImpl.invoke(DelegatingMethodAccessorImpl.java:43)
[22:42:03] [Client thread/WARN] [FML]: *  at java.lang.reflect.Method.invoke(Method.java:498)
[22:42:03] [Client thread/WARN] [FML]: *  at com.google.common.eventbus.Subscriber.invokeSubscriberMethod(Subscriber.java:91)...
[22:42:03] [Client thread/WARN] [FML]: ****************************************
[22:42:03] [Client thread/WARN] [FML]: ****************************************
[22:42:03] [Client thread/WARN] [FML]: * Could not determine owning mod for @EventBusSubscriber on com.koteuka404.thaumicforever.item.ItemTaintAmulet for mod oldresearch
[22:42:03] [Client thread/WARN] [FML]: *  at net.minecraftforge.fml.common.AutomaticEventSubscriber.inject(AutomaticEventSubscriber.java:71)
[22:42:03] [Client thread/WARN] [FML]: *  at net.minecraftforge.fml.common.FMLModContainer.constructMod(FMLModContainer.java:601)
[22:42:03] [Client thread/WARN] [FML]: *  at sun.reflect.GeneratedMethodAccessor10.invoke(Unknown Source)
[22:42:03] [Client thread/WARN] [FML]: *  at sun.reflect.DelegatingMethodAccessorImpl.invoke(DelegatingMethodAccessorImpl.java:43)
[22:42:03] [Client thread/WARN] [FML]: *  at java.lang.reflect.Method.invoke(Method.java:498)
[22:42:03] [Client thread/WARN] [FML]: *  at com.google.common.eventbus.Subscriber.invokeSubscriberMethod(Subscriber.java:91)...
[22:42:03] [Client thread/WARN] [FML]: ****************************************
[22:42:03] [Client thread/INFO] [net.minecraft.client.resources.SimpleReloadableResourceManager]: Reloading ResourceManager: Default, FMLFileResourcePack:Forge Mod Loader, FMLFileResourcePack:Minecraft Forge, FMLFileResourcePack:Baubles, FMLFileResourcePack:Just Enough Items, FMLFileResourcePack:Thaumcraft, FMLFileResourcePack:Thaumic Forever, FMLFileResourcePack:TC4 Research Port, FMLFileResourcePack:ConfigAnytime, FMLFileResourcePack:CT-GUI, FMLFileResourcePack:CraftTweaker2, FMLFileResourcePack:CraftTweaker JEI Support, FMLFileResourcePack:HammerLib, FMLFileResourcePack:Waila, FMLFileResourcePack:Thaumic Isorropia, FMLFileResourcePack:JourneyMap, FMLFileResourcePack:Nature's Compass, FMLFileResourcePack:New Crimson Revelations, FMLFileResourcePack:Planar Artifice: Continuation, FMLFileResourcePack:ReForbiddenMagic, FMLFileResourcePack:spark, FMLFileResourcePack:Thaumic Gadgets, FMLFileResourcePack:Thaumic Additions: Reconstructed, FMLFileResourcePack:Thaumic Augmentation, FMLFileResourcePack:Thaumic Bases, FMLFileResourcePack:Thaumic Concilium Kedition, FMLFileResourcePack:ThaumicJEI, FMLFileResourcePack:Thaumic Restoration, FMLFileResourcePack:Thaumic Tinkerer Unofficial, FMLFileResourcePack:Thaumic Wonders Unofficial, HammerCore Connected Models
[22:42:03] [Client thread/INFO] [Hammer Core [ASM]]: Transforming net.minecraft.client.renderer.RenderItem (net.minecraft.client.renderer.RenderItem)...
[22:42:03] [Client thread/INFO] [Hammer Core [ASM]]:   -Coloring Item Glint...
[22:42:03] [Client thread/INFO] [Hammer Core [ASM]]:     -Sending instructions to RenderItem for function renderItem
[22:42:03] [Client thread/INFO] [Hammer Core [ASM]]:     -Sending instructions to RenderItem for function renderEffect
[22:42:03] [Client thread/INFO] [Hammer Core [ASM]]:     -Sending instructions to RenderItem for function renderItemModel
[22:42:03] [Client thread/INFO] [Hammer Core [ASM]]:     -Sending instructions to RenderItem for function renderItemModelIntoGUI
[22:42:03] [Client thread/INFO] [HammerLib]: Reloading 0 shader entities.
[22:42:03] [Client thread/INFO] [HammerLib]: Created Ender Field GLSL Shader.
[22:42:03] [Client thread/INFO] [HammerLib]: Reloading 1 variable shader programs.
[22:42:03] [Client thread/INFO] [HammerLib]: Creating new Forge Registries.
[22:42:04] [Client thread/INFO] [FML]: Processing ObjectHolder annotations
[22:42:04] [Client thread/INFO] [FML]: Found 1447 ObjectHolder annotations
[22:42:04] [Client thread/INFO] [FML]: Identifying ItemStackHolder annotations
[22:42:04] [Client thread/INFO] [FML]: Found 0 ItemStackHolder annotations
[22:42:04] [Client thread/INFO] [FML]: Configured a dormant chunk cache size of 0
[22:42:04] [Forge Version Check/INFO] [forge.VersionCheck]: [hammercore] Starting version check at https://api.modrinth.com/updates/PlkSuVtM/forge_updates.json
[22:42:04] [Client thread/INFO] [STDERR]: [com.example.coremod.BaublesClassSwapTransformer:transform:43]: [BaublesClassSwap] Replacement not found: baubles/baubles/api/cap/BaublesContainer.class
[22:42:04] [Client thread/INFO] [thaumicaugmentationcore]: Successfully transformed class baubles.api.cap.BaublesContainer
[22:42:04] [Client thread/INFO] [STDERR]: [com.example.coremod.BaublesClassSwapTransformer:transform:43]: [BaublesClassSwap] Replacement not found: baubles/baubles/common/event/EventHandlerEntity.class
[22:42:04] [Client thread/INFO] [STDOUT]: [com.example.coremod.ThaumcraftLogisticsRequestLifetimeTransformer:transform:66]: [ThaumicForever-Coremod] Patched logistics request lifetime.
[22:42:04] [Client thread/INFO] [FML]: OBJLoader: Domain thaumcraft has been added.
[22:42:04] [Client thread/INFO] [STDOUT]: [com.koteuka404.thaumicforever.research.ResearchList:initializeFromConfig:38]: init research: [ETERNAL_BLADE, TELEPORT, STUFF, TAINT_AMULET, POTION_GUN, PRIMAL_FOCI, PRIMAL_ELEMENT, PrimordialGuardian]
[22:42:04] [Client thread/WARN] [FML]: Potentially Dangerous alternative prefix `thaumicforever:` for name `deconstruction_table`, expected `thaumicforever`. This could be a intended override, but in most cases indicates a broken mod.
[22:42:04] [Client thread/WARN] [FML]: Potentially Dangerous alternative prefix `thaumicforever:` for name `abandoned_chest`, expected `thaumicforever`. This could be a intended override, but in most cases indicates a broken mod.
[22:42:04] [Client thread/WARN] [FML]: Potentially Dangerous alternative prefix `thaumicforever:` for name `mattery_duplicator`, expected `thaumicforever`. This could be a intended override, but in most cases indicates a broken mod.
[22:42:04] [Client thread/INFO] [FML]: OBJLoader: Domain thaumicforever has been added.
[22:42:04] [Client thread/INFO] [Hammer Core [ASM]]: Transforming net.minecraft.client.renderer.entity.RenderManager (net.minecraft.client.renderer.entity.RenderManager)...
[22:42:04] [Client thread/INFO] [Hammer Core [ASM]]:   -Patched renderEntity!
[22:42:05] [Client thread/INFO] [thaumicaugmentationcore]: Successfully transformed class thaumcraft.common.items.armor.ItemVoidRobeArmor
[22:42:05] [Client thread/INFO] [STDOUT]: [com.koteuka404.thaumicforever.research.ResearchList:initializeFromConfig:38]: init research: [ETERNAL_BLADE, TELEPORT, STUFF, TAINT_AMULET, POTION_GUN, PRIMAL_FOCI, PRIMAL_ELEMENT, PrimordialGuardian]
[22:42:05] [Client thread/INFO] [HammerLib]: Guessing username.... You are KoTeuKa404, aren't you?
[22:42:05] [Client thread/INFO] [HammerLib]: Using per-user module PerUserModule
[22:42:05] [Client thread/INFO] [HammerLib]: Added "org.zeith.thaumicadditions.config.ConfigsTAR" to HammerLib Simple Configs.
[22:42:05] [Client thread/INFO] [HammerLib]: Added "com.zeitheron.hammercore.cfg.HammerCoreConfigs" to HammerLib Simple Configs.
[22:42:05] [Client thread/INFO] [HammerLib]: Added "com.zeitheron.hammercore.specials.Zeitheron.ZeitheronGlobEvents@70129c76" to MCF Event Bus.
[22:42:05] [Client thread/INFO] [HammerLib]: Added "org.zeith.thaumicadditions.events.LivingEventsTAR@35d005e5" to MCF Event Bus.
[22:42:05] [Client thread/INFO] [HammerLib]: Added "org.zeith.thaumicadditions.seals.SealChunkLoader@8e76dfa" to MCF Event Bus.
[22:42:05] [Client thread/INFO] [HammerLib]: Added "com.zeitheron.hammercore.world.gen.WorldRetroGen@4f11e90b" to MCF Event Bus.
[22:42:05] [Client thread/INFO] [HammerLib]: Added "org.zeith.thaumicadditions.utils.ThaumicScheduler@4ff7727b" to MCF Event Bus.
[22:42:05] [Client thread/INFO] [HammerLib]: Added "com.zeitheron.hammercore.HammerCore@666666" to MCF Event Bus.
[22:42:05] [Client thread/INFO] [HammerLib]: Added 6 object to MCF Event Bus.
[22:42:05] [Client thread/INFO] [Hammer Core [ASM]]: Transforming net.minecraft.client.renderer.tileentity.TileEntityRendererDispatcher (net.minecraft.client.renderer.tileentity.TileEntityRendererDispatcher)...
[22:42:05] [Client thread/INFO] [Hammer Core [ASM]]:   -Patched render!
[22:42:05] [Client thread/INFO] [FML]: OBJLoader: Domain isorropia has been added.
[22:42:05] [Client thread/INFO] [journeymap]: No plugins for JourneyMap API discovered.
[22:42:06] [Client thread/INFO] [thaumicaugmentationcore]: Successfully transformed class thaumcraft.common.entities.monster.EntityEldritchGuardian
[22:42:06] [Client thread/INFO] [planarartifice]: [PA, ASPECT] Registering aer
[22:42:06] [Client thread/INFO] [planarartifice]: [PA, ASPECT] Registering terra
[22:42:06] [Client thread/INFO] [planarartifice]: [PA, ASPECT] Registering ignis
[22:42:06] [Client thread/INFO] [planarartifice]: [PA, ASPECT] Registering aqua
[22:42:06] [Client thread/INFO] [planarartifice]: [PA, ASPECT] Registering ordo
[22:42:06] [Client thread/INFO] [planarartifice]: [PA, ASPECT] Registering perditio
[22:42:06] [Client thread/INFO] [planarartifice]: [PA, ASPECT] Registering vacuos
[22:42:06] [Client thread/INFO] [planarartifice]: [PA, ASPECT] Registering lux
[22:42:06] [Client thread/INFO] [planarartifice]: [PA, ASPECT] Registering motus
[22:42:06] [Client thread/INFO] [planarartifice]: [PA, ASPECT] Registering gelum
[22:42:06] [Client thread/INFO] [planarartifice]: [PA, ASPECT] Registering vitreus
[22:42:06] [Client thread/INFO] [planarartifice]: [PA, ASPECT] Registering metallum
[22:42:06] [Client thread/INFO] [planarartifice]: [PA, ASPECT] Registering victus
[22:42:06] [Client thread/INFO] [planarartifice]: [PA, ASPECT] Registering mortuus
[22:42:06] [Client thread/INFO] [planarartifice]: [PA, ASPECT] Registering potentia
[22:42:06] [Client thread/INFO] [planarartifice]: [PA, ASPECT] Registering permutatio
[22:42:06] [Client thread/INFO] [planarartifice]: [PA, ASPECT] Registering praecantatio
[22:42:06] [Client thread/INFO] [planarartifice]: [PA, ASPECT] Registering auram
[22:42:06] [Client thread/INFO] [planarartifice]: [PA, ASPECT] Registering alkimia
[22:42:06] [Client thread/INFO] [planarartifice]: [PA, ASPECT] Registering vitium
[22:42:06] [Client thread/INFO] [planarartifice]: [PA, ASPECT] Registering tenebrae
[22:42:06] [Client thread/INFO] [planarartifice]: [PA, ASPECT] Registering alienis
[22:42:06] [Client thread/INFO] [planarartifice]: [PA, ASPECT] Registering volatus
[22:42:06] [Client thread/INFO] [planarartifice]: [PA, ASPECT] Registering herba
[22:42:06] [Client thread/INFO] [planarartifice]: [PA, ASPECT] Registering instrumentum
[22:42:06] [Client thread/INFO] [planarartifice]: [PA, ASPECT] Registering fabrico
[22:42:06] [Client thread/INFO] [planarartifice]: [PA, ASPECT] Registering machina
[22:42:06] [Client thread/INFO] [planarartifice]: [PA, ASPECT] Registering vinculum
[22:42:06] [Client thread/INFO] [planarartifice]: [PA, ASPECT] Registering spiritus
[22:42:06] [Client thread/INFO] [planarartifice]: [PA, ASPECT] Registering cognitio
[22:42:06] [Client thread/INFO] [planarartifice]: [PA, ASPECT] Registering sensus
[22:42:06] [Client thread/INFO] [planarartifice]: [PA, ASPECT] Registering aversio
[22:42:06] [Client thread/INFO] [planarartifice]: [PA, ASPECT] Registering praemunio
[22:42:06] [Client thread/INFO] [planarartifice]: [PA, ASPECT] Registering desiderium
[22:42:06] [Client thread/INFO] [planarartifice]: [PA, ASPECT] Registering exanimis
[22:42:06] [Client thread/INFO] [planarartifice]: [PA, ASPECT] Registering bestia
[22:42:06] [Client thread/INFO] [planarartifice]: [PA, ASPECT] Registering humanus
[22:42:06] [Client thread/INFO] [planarartifice]: [PA, ASPECT] Registering fames
[22:42:06] [Client thread/INFO] [planarartifice]: [PA, ASPECT] Registering corpus
[22:42:06] [Client thread/INFO] [planarartifice]: [PA, ASPECT] Registering invidia
[22:42:06] [Client thread/INFO] [planarartifice]: [PA, ASPECT] Registering gula
[22:42:06] [Client thread/INFO] [planarartifice]: [PA, ASPECT] Registering luxuria
[22:42:06] [Client thread/INFO] [planarartifice]: [PA, ASPECT] Registering infernus
[22:42:06] [Client thread/INFO] [planarartifice]: [PA, ASPECT] Registering superbia
[22:42:06] [Client thread/INFO] [planarartifice]: [PA, ASPECT] Registering desidia
[22:42:06] [Client thread/INFO] [planarartifice]: [PA, ASPECT] Registering ira
[22:42:06] [Client thread/INFO] [planarartifice]: [PA, ASPECT] Registering tempestas
[22:42:06] [Client thread/INFO] [planarartifice]: [PA, ASPECT] Registering matterya
[22:42:06] [Client thread/INFO] [planarartifice]: [PA, ASPECT] Registering spatio
[22:42:06] [Client thread/INFO] [planarartifice]: [PA, ASPECT] Registering tempus
[22:42:06] [Client thread/INFO] [planarartifice]: [PA, ASPECT] Registering tinctura
[22:42:06] [Client thread/INFO] [planarartifice]: [PA, ASPECT] Registering spatio, tempus, tinctura
[22:42:06] [Client thread/INFO] [planarartifice]: Registering glass type null
[22:42:06] [Client thread/INFO] [planarartifice]: Registering glass type _clear
[22:42:06] [Client thread/INFO] [planarartifice]: Registering glass type _scratched
[22:42:06] [Client thread/INFO] [planarartifice]: Registering glass type _crystal
[22:42:06] [Client thread/INFO] [planarartifice]: Registering glass type _bright
[22:42:06] [Client thread/INFO] [planarartifice]: Registering glass type _dim
[22:42:06] [Client thread/INFO] [planarartifice]: Registering glass type _dark
[22:42:06] [Client thread/INFO] [planarartifice]: Registering glass type _ghostly
[22:42:06] [Client thread/INFO] [planarartifice]: Registering glass type _ethereal
[22:42:06] [Client thread/INFO] [planarartifice]: Registering glass type _foreboding
[22:42:06] [Client thread/INFO] [planarartifice]: Registering glass type _strong
[22:42:06] [Client thread/INFO] [FML]: OBJLoader: Domain tg has been added.
[22:42:06] [Client thread/INFO] [thaumadditions]: [SOUNDS] Registered sound thaumadditions:rune_set
[22:42:06] [Client thread/INFO] [thaumadditions]: [SOUNDS] Registered sound thaumadditions:popen
[22:42:06] [Client thread/INFO] [thaumadditions]: [SOUNDS] Registered sound thaumadditions:pclose
[22:42:06] [Client thread/INFO] [thaumadditions]: [SOUNDS] Registered sound thaumadditions:fizz
[22:42:06] [Client thread/INFO] [thaumadditions]: [SOUNDS] Registered sound thaumadditions:shadow_beam
[22:42:06] [Client thread/INFO] [thaumadditions]: [SOUNDS] Registered sound thaumadditions:essentia_pistol_shoot
[22:42:06] [Client thread/INFO] [thaumadditions]: [SOUNDS] Registered sound thaumadditions:mithminite_scythe
[22:42:06] [Client thread/INFO] [FML]: OBJLoader: Domain thaumadditions has been added.
[22:42:06] [Client thread/WARN] [FML]: Potentially Dangerous alternative prefix `minecraft` for name `thaumicbases.overchanter`, expected `thaumicbases`. This could be a intended override, but in most cases indicates a broken mod.
[22:42:06] [Client thread/WARN] [FML]: Potentially Dangerous alternative prefix `minecraft` for name `thaumicbases.campfire`, expected `thaumicbases`. This could be a intended override, but in most cases indicates a broken mod.
[22:42:06] [Client thread/WARN] [FML]: Potentially Dangerous alternative prefix `minecraft` for name `thaumicbases.brazier`, expected `thaumicbases`. This could be a intended override, but in most cases indicates a broken mod.
[22:42:06] [Client thread/INFO] [FML]: OBJLoader: Domain thaumicconcilium has been added.
[22:42:07] [Client thread/INFO] [ThaumicAdditionsCore]: Transforming thaumcraft.common.blocks.essentia.BlockSmelterAux (thaumcraft.common.blocks.essentia.BlockSmelterAux)...
[22:42:07] [Client thread/INFO] [ThaumicAdditionsCore]:   -Applying org.zeith.thaumicadditions.asm.mixins.BlockSmelterAuxMixin into thaumcraft/common/blocks/essentia/BlockSmelterAux
[22:42:07] [Client thread/INFO] [ThaumicAdditionsCore]: Transforming thaumcraft.common.blocks.essentia.BlockSmelterVent (thaumcraft.common.blocks.essentia.BlockSmelterVent)...
[22:42:07] [Client thread/INFO] [ThaumicAdditionsCore]:   -Applying org.zeith.thaumicadditions.asm.mixins.BlockSmelterAuxMixin into thaumcraft/common/blocks/essentia/BlockSmelterVent
[22:42:07] [Client thread/INFO] [ThaumicAdditionsCore]: Transforming thaumcraft.common.blocks.essentia.BlockJar (thaumcraft.common.blocks.essentia.BlockJar)...
[22:42:07] [Client thread/INFO] [ThaumicAdditionsCore]:   -Applying org.zeith.thaumicadditions.asm.mixins.BlockJarMixin into thaumcraft/common/blocks/essentia/BlockJar
[22:42:07] [Client thread/INFO] [ThaumicAdditionsCore]:   -Transforming org.zeith.thaumicadditions.asm.mixins.inner.BlockJarInner (org.zeith.thaumicadditions.asm.mixins.inner.BlockJarInner)...
[22:42:07] [Client thread/INFO] [ThaumicAdditionsCore]:     -Applying org.zeith.thaumicadditions.asm.mixins.BlockJarMixin into org/zeith/thaumicadditions/asm/mixins/inner/BlockJarInner
[22:42:07] [Client thread/INFO] [ThaumicAdditionsCore]: Transforming thaumcraft.common.blocks.essentia.BlockJarItem (thaumcraft.common.blocks.essentia.BlockJarItem)...
[22:42:07] [Client thread/INFO] [ThaumicAdditionsCore]:   -Applying org.zeith.thaumicadditions.asm.mixins.BlockJarItemMixin into thaumcraft/common/blocks/essentia/BlockJarItem
[22:42:07] [Client thread/INFO] [ThaumicAdditionsCore]:   -Transforming org.zeith.thaumicadditions.asm.mixins.inner.ItemJarInner (org.zeith.thaumicadditions.asm.mixins.inner.ItemJarInner)...
[22:42:07] [Client thread/INFO] [ThaumicAdditionsCore]:     -Applying org.zeith.thaumicadditions.asm.mixins.BlockJarItemMixin into org/zeith/thaumicadditions/asm/mixins/inner/ItemJarInner
[22:42:07] [Client thread/INFO] [thaumicaugmentationcore]: Successfully transformed class thaumcraft.common.tiles.crafting.TileInfusionMatrix
[22:42:07] [Client thread/INFO] [FML]: Applying holder lookups
[22:42:07] [Client thread/INFO] [FML]: Holder lookups applied
[22:42:07] [Client thread/INFO] [STDOUT]: [com.example.coremod.ThaumcraftSealProvideTransformer:transform:51]: [ThaumicForever-Coremod] Patched SealProvide provisioning cleanup.
[22:42:07] [Client thread/INFO] [STDOUT]: [com.example.coremod.ThaumcraftSealStockTransformer:transform:44]: [ThaumicForever-Coremod] Patched SealStock in-transit item counting.
[22:42:07] [Client thread/INFO] [thaumicaugmentationcore]: Successfully transformed class thaumcraft.client.renderers.models.gear.ModelCustomArmor
[22:42:07] [Client thread/INFO] [thaumicaugmentationcore]: Successfully transformed class thaumcraft.client.renderers.models.gear.ModelRobe
[22:42:07] [Client thread/INFO] [planarartifice]: Registering oredict for glass type null
[22:42:07] [Client thread/INFO] [planarartifice]: Registering oredict for glass type Clear
[22:42:07] [Client thread/INFO] [planarartifice]: Registering oredict for glass type Scratched
[22:42:07] [Client thread/INFO] [planarartifice]: Registering oredict for glass type Crystal
[22:42:07] [Client thread/INFO] [planarartifice]: Registering oredict for glass type Bright
[22:42:07] [Client thread/INFO] [planarartifice]: Registering oredict for glass type Dim
[22:42:07] [Client thread/INFO] [planarartifice]: Registering oredict for glass type Dark
[22:42:07] [Client thread/INFO] [planarartifice]: Registering oredict for glass type Ghostly
[22:42:07] [Client thread/INFO] [planarartifice]: Registering oredict for glass type Ethereal
[22:42:07] [Client thread/INFO] [planarartifice]: Registering oredict for glass type Foreboding
[22:42:07] [Client thread/INFO] [planarartifice]: Registering oredict for glass type Strong
[22:42:07] [Client thread/WARN] [FML]: ****************************************
[22:42:07] [Client thread/WARN] [FML]: * Invalid registration attempt for an Ore Dictionary item with name clusterEldritchIron has occurred. The registration has been denied to prevent crashes. The mod responsible for the registration needs to correct this.
[22:42:07] [Client thread/WARN] [FML]: *  at net.minecraftforge.oredict.OreDictionary.registerOreImpl(OreDictionary.java:660)
[22:42:07] [Client thread/WARN] [FML]: *  at net.minecraftforge.oredict.OreDictionary.registerOre(OreDictionary.java:646)
[22:42:07] [Client thread/WARN] [FML]: *  at net.minecraftforge.oredict.OreDictionary.registerOre(OreDictionary.java:644)
[22:42:07] [Client thread/WARN] [FML]: *  at leppa.planarartifice.compat.thaumicwonders.ThaumicWondersHandler.registerOres(ThaumicWondersHandler.java:18)
[22:42:07] [Client thread/WARN] [FML]: *  at java.util.ArrayList.forEach(ArrayList.java:1259)
[22:42:07] [Client thread/WARN] [FML]: *  at leppa.planarartifice.compat.PACompatHandler.registerOres(PACompatHandler.java:102)...
[22:42:07] [Client thread/WARN] [FML]: ****************************************
[22:42:07] [Client thread/WARN] [FML]: ****************************************
[22:42:07] [Client thread/WARN] [FML]: * Invalid registration attempt for an Ore Dictionary item with name clusterEldritchGold has occurred. The registration has been denied to prevent crashes. The mod responsible for the registration needs to correct this.
[22:42:07] [Client thread/WARN] [FML]: *  at net.minecraftforge.oredict.OreDictionary.registerOreImpl(OreDictionary.java:660)
[22:42:07] [Client thread/WARN] [FML]: *  at net.minecraftforge.oredict.OreDictionary.registerOre(OreDictionary.java:646)
[22:42:07] [Client thread/WARN] [FML]: *  at leppa.planarartifice.compat.thaumicwonders.ThaumicWondersHandler.registerOres(ThaumicWondersHandler.java:19)
[22:42:07] [Client thread/WARN] [FML]: *  at java.util.ArrayList.forEach(ArrayList.java:1259)
[22:42:07] [Client thread/WARN] [FML]: *  at leppa.planarartifice.compat.PACompatHandler.registerOres(PACompatHandler.java:102)
[22:42:07] [Client thread/WARN] [FML]: *  at leppa.planarartifice.registry.Registrar.registerOres(Registrar.java:80)...
[22:42:07] [Client thread/WARN] [FML]: ****************************************
[22:42:07] [Client thread/WARN] [FML]: ****************************************
[22:42:07] [Client thread/WARN] [FML]: * Invalid registration attempt for an Ore Dictionary item with name clusterEldritchCopper has occurred. The registration has been denied to prevent crashes. The mod responsible for the registration needs to correct this.
[22:42:07] [Client thread/WARN] [FML]: *  at net.minecraftforge.oredict.OreDictionary.registerOreImpl(OreDictionary.java:660)
[22:42:07] [Client thread/WARN] [FML]: *  at net.minecraftforge.oredict.OreDictionary.registerOre(OreDictionary.java:646)
[22:42:07] [Client thread/WARN] [FML]: *  at leppa.planarartifice.compat.thaumicwonders.ThaumicWondersHandler.registerOres(ThaumicWondersHandler.java:20)
[22:42:07] [Client thread/WARN] [FML]: *  at java.util.ArrayList.forEach(ArrayList.java:1259)
[22:42:07] [Client thread/WARN] [FML]: *  at leppa.planarartifice.compat.PACompatHandler.registerOres(PACompatHandler.java:102)
[22:42:07] [Client thread/WARN] [FML]: *  at leppa.planarartifice.registry.Registrar.registerOres(Registrar.java:80)...
[22:42:07] [Client thread/WARN] [FML]: ****************************************
[22:42:07] [Client thread/WARN] [FML]: ****************************************
[22:42:07] [Client thread/WARN] [FML]: * Invalid registration attempt for an Ore Dictionary item with name clusterEldritchTin has occurred. The registration has been denied to prevent crashes. The mod responsible for the registration needs to correct this.
[22:42:07] [Client thread/WARN] [FML]: *  at net.minecraftforge.oredict.OreDictionary.registerOreImpl(OreDictionary.java:660)
[22:42:07] [Client thread/WARN] [FML]: *  at net.minecraftforge.oredict.OreDictionary.registerOre(OreDictionary.java:646)
[22:42:07] [Client thread/WARN] [FML]: *  at leppa.planarartifice.compat.thaumicwonders.ThaumicWondersHandler.registerOres(ThaumicWondersHandler.java:21)
[22:42:07] [Client thread/WARN] [FML]: *  at java.util.ArrayList.forEach(ArrayList.java:1259)
[22:42:07] [Client thread/WARN] [FML]: *  at leppa.planarartifice.compat.PACompatHandler.registerOres(PACompatHandler.java:102)
[22:42:07] [Client thread/WARN] [FML]: *  at leppa.planarartifice.registry.Registrar.registerOres(Registrar.java:80)...
[22:42:07] [Client thread/WARN] [FML]: ****************************************
[22:42:07] [Client thread/WARN] [FML]: ****************************************
[22:42:07] [Client thread/WARN] [FML]: * Invalid registration attempt for an Ore Dictionary item with name clusterEldritchSilver has occurred. The registration has been denied to prevent crashes. The mod responsible for the registration needs to correct this.
[22:42:07] [Client thread/WARN] [FML]: *  at net.minecraftforge.oredict.OreDictionary.registerOreImpl(OreDictionary.java:660)
[22:42:07] [Client thread/WARN] [FML]: *  at net.minecraftforge.oredict.OreDictionary.registerOre(OreDictionary.java:646)
[22:42:07] [Client thread/WARN] [FML]: *  at leppa.planarartifice.compat.thaumicwonders.ThaumicWondersHandler.registerOres(ThaumicWondersHandler.java:22)
[22:42:07] [Client thread/WARN] [FML]: *  at java.util.ArrayList.forEach(ArrayList.java:1259)
[22:42:07] [Client thread/WARN] [FML]: *  at leppa.planarartifice.compat.PACompatHandler.registerOres(PACompatHandler.java:102)
[22:42:07] [Client thread/WARN] [FML]: *  at leppa.planarartifice.registry.Registrar.registerOres(Registrar.java:80)...
[22:42:07] [Client thread/WARN] [FML]: ****************************************
[22:42:07] [Client thread/WARN] [FML]: ****************************************
[22:42:07] [Client thread/WARN] [FML]: * Invalid registration attempt for an Ore Dictionary item with name clusterEldritchLead has occurred. The registration has been denied to prevent crashes. The mod responsible for the registration needs to correct this.
[22:42:07] [Client thread/WARN] [FML]: *  at net.minecraftforge.oredict.OreDictionary.registerOreImpl(OreDictionary.java:660)
[22:42:07] [Client thread/WARN] [FML]: *  at net.minecraftforge.oredict.OreDictionary.registerOre(OreDictionary.java:646)
[22:42:07] [Client thread/WARN] [FML]: *  at leppa.planarartifice.compat.thaumicwonders.ThaumicWondersHandler.registerOres(ThaumicWondersHandler.java:23)
[22:42:07] [Client thread/WARN] [FML]: *  at java.util.ArrayList.forEach(ArrayList.java:1259)
[22:42:07] [Client thread/WARN] [FML]: *  at leppa.planarartifice.compat.PACompatHandler.registerOres(PACompatHandler.java:102)
[22:42:07] [Client thread/WARN] [FML]: *  at leppa.planarartifice.registry.Registrar.registerOres(Registrar.java:80)...
[22:42:07] [Client thread/WARN] [FML]: ****************************************
[22:42:07] [Client thread/WARN] [FML]: ****************************************
[22:42:07] [Client thread/WARN] [FML]: * Invalid registration attempt for an Ore Dictionary item with name clusterEldritchCinnabar has occurred. The registration has been denied to prevent crashes. The mod responsible for the registration needs to correct this.
[22:42:07] [Client thread/WARN] [FML]: *  at net.minecraftforge.oredict.OreDictionary.registerOreImpl(OreDictionary.java:660)
[22:42:07] [Client thread/WARN] [FML]: *  at net.minecraftforge.oredict.OreDictionary.registerOre(OreDictionary.java:646)
[22:42:07] [Client thread/WARN] [FML]: *  at leppa.planarartifice.compat.thaumicwonders.ThaumicWondersHandler.registerOres(ThaumicWondersHandler.java:24)
[22:42:07] [Client thread/WARN] [FML]: *  at java.util.ArrayList.forEach(ArrayList.java:1259)
[22:42:07] [Client thread/WARN] [FML]: *  at leppa.planarartifice.compat.PACompatHandler.registerOres(PACompatHandler.java:102)
[22:42:07] [Client thread/WARN] [FML]: *  at leppa.planarartifice.registry.Registrar.registerOres(Registrar.java:80)...
[22:42:07] [Client thread/WARN] [FML]: ****************************************
[22:42:07] [Client thread/WARN] [FML]: ****************************************
[22:42:07] [Client thread/WARN] [FML]: * Invalid registration attempt for an Ore Dictionary item with name clusterEldritchQuartz has occurred. The registration has been denied to prevent crashes. The mod responsible for the registration needs to correct this.
[22:42:07] [Client thread/WARN] [FML]: *  at net.minecraftforge.oredict.OreDictionary.registerOreImpl(OreDictionary.java:660)
[22:42:07] [Client thread/WARN] [FML]: *  at net.minecraftforge.oredict.OreDictionary.registerOre(OreDictionary.java:646)
[22:42:07] [Client thread/WARN] [FML]: *  at leppa.planarartifice.compat.thaumicwonders.ThaumicWondersHandler.registerOres(ThaumicWondersHandler.java:25)
[22:42:07] [Client thread/WARN] [FML]: *  at java.util.ArrayList.forEach(ArrayList.java:1259)
[22:42:07] [Client thread/WARN] [FML]: *  at leppa.planarartifice.compat.PACompatHandler.registerOres(PACompatHandler.java:102)
[22:42:07] [Client thread/WARN] [FML]: *  at leppa.planarartifice.registry.Registrar.registerOres(Registrar.java:80)...
[22:42:07] [Client thread/WARN] [FML]: ****************************************
[22:42:07] [Client thread/WARN] [FML]: ****************************************
[22:42:07] [Client thread/WARN] [FML]: * Invalid registration attempt for an Ore Dictionary item with name clusterEldritchVoid has occurred. The registration has been denied to prevent crashes. The mod responsible for the registration needs to correct this.
[22:42:07] [Client thread/WARN] [FML]: *  at net.minecraftforge.oredict.OreDictionary.registerOreImpl(OreDictionary.java:660)
[22:42:07] [Client thread/WARN] [FML]: *  at net.minecraftforge.oredict.OreDictionary.registerOre(OreDictionary.java:646)
[22:42:07] [Client thread/WARN] [FML]: *  at leppa.planarartifice.compat.thaumicwonders.ThaumicWondersHandler.registerOres(ThaumicWondersHandler.java:26)
[22:42:07] [Client thread/WARN] [FML]: *  at java.util.ArrayList.forEach(ArrayList.java:1259)
[22:42:07] [Client thread/WARN] [FML]: *  at leppa.planarartifice.compat.PACompatHandler.registerOres(PACompatHandler.java:102)
[22:42:07] [Client thread/WARN] [FML]: *  at leppa.planarartifice.registry.Registrar.registerOres(Registrar.java:80)...
[22:42:07] [Client thread/WARN] [FML]: ****************************************
[22:42:08] [Client thread/INFO] [FML]: Applying holder lookups
[22:42:08] [Client thread/INFO] [FML]: Holder lookups applied
[22:42:08] [Client thread/INFO] [FML]: Applying holder lookups
[22:42:08] [Client thread/INFO] [FML]: Holder lookups applied
[22:42:08] [Client thread/INFO] [FML]: OBJLoader: Domain thaumicaugmentation has been added.
[22:42:08] [Client thread/INFO] [FML]: OBJLoader: Domain thaumicwonders has been added.
[22:42:08] [Client thread/INFO] [FML]: OBJLoader: Domain thaumicbases has been added.
[22:42:08] [Client thread/INFO] [FML]: OBJLoader: Domain thaumictinkerer has been added.
[22:42:08] [Client thread/INFO] [FML]: Applying holder lookups
[22:42:08] [Client thread/INFO] [FML]: Holder lookups applied
[22:42:08] [Client thread/INFO] [FML]: Injecting itemstacks
[22:42:08] [Client thread/INFO] [FML]: Itemstack injection complete
[22:42:09] [Client thread/WARN] [net.minecraft.client.audio.SoundHandler]: File tg:sounds/observer_ambient.ogg does not exist, cannot add it to event tg:observer_ambient
[22:42:09] [Client thread/WARN] [net.minecraft.client.audio.SoundHandler]: File tg:sounds/observer_hurt.ogg does not exist, cannot add it to event tg:observer_hurt
[22:42:09] [Client thread/WARN] [net.minecraft.client.audio.SoundHandler]: File tg:sounds/observer_death.ogg does not exist, cannot add it to event tg:observer_death
[22:42:09] [Client thread/WARN] [net.minecraft.client.audio.SoundHandler]: File minecraft:sounds/whispers.ogg does not exist, cannot add it to event thaumicconcilium:whispers
[22:42:09] [Client thread/WARN] [net.minecraft.client.audio.SoundHandler]: File minecraft:sounds/hum.ogg does not exist, cannot add it to event thaumicconcilium:hum
[22:42:09] [Client thread/WARN] [net.minecraft.client.audio.SoundHandler]: File minecraft:sounds/bubbles.ogg does not exist, cannot add it to event thaumicconcilium:bubbles
[22:42:09] [Client thread/WARN] [net.minecraft.client.audio.SoundHandler]: File minecraft:sounds/mill.ogg does not exist, cannot add it to event thaumicconcilium:mill
[22:42:09] [Client thread/WARN] [net.minecraft.client.audio.SoundManager]: Missing sound for event: thaumcraft:runicshieldcharge
[22:42:09] [Sound Library Loader/INFO] [net.minecraft.client.audio.SoundManager]: Starting up SoundSystem...
[22:42:09] [Thread-7/INFO] [net.minecraft.client.audio.SoundManager]: Initializing LWJGL OpenAL
[22:42:09] [Thread-7/INFO] [net.minecraft.client.audio.SoundManager]: (The LWJGL binding of OpenAL.  For more information, see http://www.lwjgl.org)
[22:42:09] [Thread-7/INFO] [net.minecraft.client.audio.SoundManager]: OpenAL initialized.
[22:42:10] [Sound Library Loader/INFO] [net.minecraft.client.audio.SoundManager]: Sound engine started
[22:42:10] [Client thread/INFO] [FML]: OBJLoader.MaterialLibrary: key 'Ns' (model: 'tg:models/block/book_holder.mtl') is not currently supported, skipping
[22:42:10] [Client thread/INFO] [FML]: OBJModel: A color has already been defined for material 'Material.001' in 'tg:models/block/book_holder.mtl'. The color defined by key 'Ks' will not be applied!
[22:42:10] [Client thread/INFO] [FML]: OBJLoader.MaterialLibrary: key 'Ke' (model: 'tg:models/block/book_holder.mtl') is not currently supported, skipping
[22:42:10] [Client thread/INFO] [FML]: OBJLoader.MaterialLibrary: key 'Ni' (model: 'tg:models/block/book_holder.mtl') is not currently supported, skipping
[22:42:10] [Client thread/INFO] [FML]: OBJLoader.MaterialLibrary: key 'illum' (model: 'tg:models/block/book_holder.mtl') is not currently supported, skipping
[22:42:10] [Client thread/INFO] [FML]: OBJLoader.Parser: command 's' (model: 'tg:models/block/book_holder.obj') is not currently supported, skipping. Line: 144 's off'
[22:42:10] [Client thread/INFO] [FML]: OBJLoader.MaterialLibrary: key 'Ns' (model: 'tg:models/block/eye.mtl') is not currently supported, skipping
[22:42:10] [Client thread/INFO] [FML]: OBJModel: A color has already been defined for material 'Material.001' in 'tg:models/block/eye.mtl'. The color defined by key 'Ks' will not be applied!
[22:42:10] [Client thread/INFO] [FML]: OBJLoader.MaterialLibrary: key 'Ke' (model: 'tg:models/block/eye.mtl') is not currently supported, skipping
[22:42:10] [Client thread/INFO] [FML]: OBJLoader.MaterialLibrary: key 'Ni' (model: 'tg:models/block/eye.mtl') is not currently supported, skipping
[22:42:10] [Client thread/INFO] [FML]: OBJLoader.MaterialLibrary: key 'illum' (model: 'tg:models/block/eye.mtl') is not currently supported, skipping
[22:42:10] [Client thread/INFO] [FML]: OBJLoader.MaterialLibrary: key 'Ns' (model: 'tg:models/block/lamp.mtl') is not currently supported, skipping
[22:42:10] [Client thread/INFO] [FML]: OBJModel: A color has already been defined for material 'Material' in 'tg:models/block/lamp.mtl'. The color defined by key 'Ks' will not be applied!
[22:42:10] [Client thread/INFO] [FML]: OBJLoader.MaterialLibrary: key 'Ke' (model: 'tg:models/block/lamp.mtl') is not currently supported, skipping
[22:42:10] [Client thread/INFO] [FML]: OBJLoader.MaterialLibrary: key 'Ni' (model: 'tg:models/block/lamp.mtl') is not currently supported, skipping
[22:42:10] [Client thread/INFO] [FML]: OBJLoader.MaterialLibrary: key 'illum' (model: 'tg:models/block/lamp.mtl') is not currently supported, skipping
[22:42:10] [Client thread/WARN] [FML]: OBJModel.Parser: found a face ('f') with more than 4 vertices, only the first 4 of these vertices will be rendered!
[22:42:10] [Client thread/WARN] [FML]: OBJModel.Parser: found a face ('f') with more than 4 vertices, only the first 4 of these vertices will be rendered!
[22:42:10] [Client thread/WARN] [FML]: OBJModel.Parser: found a face ('f') with more than 4 vertices, only the first 4 of these vertices will be rendered!
[22:42:10] [Client thread/WARN] [FML]: OBJModel.Parser: found a face ('f') with more than 4 vertices, only the first 4 of these vertices will be rendered!
[22:42:10] [Client thread/WARN] [FML]: OBJModel.Parser: found a face ('f') with more than 4 vertices, only the first 4 of these vertices will be rendered!
[22:42:10] [Client thread/WARN] [FML]: OBJModel.Parser: found a face ('f') with more than 4 vertices, only the first 4 of these vertices will be rendered!
[22:42:10] [Client thread/WARN] [FML]: OBJModel.Parser: found a face ('f') with more than 4 vertices, only the first 4 of these vertices will be rendered!
[22:42:10] [Client thread/WARN] [FML]: OBJModel.Parser: found a face ('f') with more than 4 vertices, only the first 4 of these vertices will be rendered!
[22:42:10] [Client thread/INFO] [FML]: OBJLoader.MaterialLibrary: key 'Ns' (model: 'tg:models/block/stabilizer_1.mtl') is not currently supported, skipping
[22:42:10] [Client thread/INFO] [FML]: OBJModel: A color has already been defined for material 'Material.002' in 'tg:models/block/stabilizer_1.mtl'. The color defined by key 'Ks' will not be applied!
[22:42:10] [Client thread/INFO] [FML]: OBJLoader.MaterialLibrary: key 'Ke' (model: 'tg:models/block/stabilizer_1.mtl') is not currently supported, skipping
[22:42:10] [Client thread/INFO] [FML]: OBJLoader.MaterialLibrary: key 'Ni' (model: 'tg:models/block/stabilizer_1.mtl') is not currently supported, skipping
[22:42:10] [Client thread/INFO] [FML]: OBJLoader.MaterialLibrary: key 'illum' (model: 'tg:models/block/stabilizer_1.mtl') is not currently supported, skipping
[22:42:10] [Client thread/INFO] [FML]: OBJLoader.MaterialLibrary: key 'Ns' (model: 'tg:models/block/stabilizer_2.mtl') is not currently supported, skipping
[22:42:10] [Client thread/INFO] [FML]: OBJModel: A color has already been defined for material 'Material.001' in 'tg:models/block/stabilizer_2.mtl'. The color defined by key 'Ks' will not be applied!
[22:42:10] [Client thread/INFO] [FML]: OBJLoader.MaterialLibrary: key 'Ke' (model: 'tg:models/block/stabilizer_2.mtl') is not currently supported, skipping
[22:42:10] [Client thread/INFO] [FML]: OBJLoader.MaterialLibrary: key 'Ni' (model: 'tg:models/block/stabilizer_2.mtl') is not currently supported, skipping
[22:42:10] [Client thread/INFO] [FML]: OBJLoader.MaterialLibrary: key 'illum' (model: 'tg:models/block/stabilizer_2.mtl') is not currently supported, skipping
[22:42:10] [Client thread/INFO] [FML]: OBJLoader.MaterialLibrary: key 'Ns' (model: 'tg:models/block/terra_focus_taiga.mtl') is not currently supported, skipping
[22:42:10] [Client thread/INFO] [FML]: OBJModel: A color has already been defined for material 'Material.001' in 'tg:models/block/terra_focus_taiga.mtl'. The color defined by key 'Ks' will not be applied!
[22:42:10] [Client thread/INFO] [FML]: OBJLoader.MaterialLibrary: key 'Ke' (model: 'tg:models/block/terra_focus_taiga.mtl') is not currently supported, skipping
[22:42:10] [Client thread/INFO] [FML]: OBJLoader.MaterialLibrary: key 'Ni' (model: 'tg:models/block/terra_focus_taiga.mtl') is not currently supported, skipping
[22:42:10] [Client thread/INFO] [FML]: OBJLoader.MaterialLibrary: key 'illum' (model: 'tg:models/block/terra_focus_taiga.mtl') is not currently supported, skipping
[22:42:10] [Client thread/INFO] [FML]: OBJLoader.MaterialLibrary: key 'Ns' (model: 'tg:models/block/terra_focus_desert.mtl') is not currently supported, skipping
[22:42:10] [Client thread/INFO] [FML]: OBJModel: A color has already been defined for material 'Material.001' in 'tg:models/block/terra_focus_desert.mtl'. The color defined by key 'Ks' will not be applied!
[22:42:10] [Client thread/INFO] [FML]: OBJLoader.MaterialLibrary: key 'Ke' (model: 'tg:models/block/terra_focus_desert.mtl') is not currently supported, skipping
[22:42:10] [Client thread/INFO] [FML]: OBJLoader.MaterialLibrary: key 'Ni' (model: 'tg:models/block/terra_focus_desert.mtl') is not currently supported, skipping
[22:42:10] [Client thread/INFO] [FML]: OBJLoader.MaterialLibrary: key 'illum' (model: 'tg:models/block/terra_focus_desert.mtl') is not currently supported, skipping
[22:42:10] [Client thread/INFO] [FML]: OBJLoader.MaterialLibrary: key 'Ns' (model: 'tg:models/block/terra_focus_hell.mtl') is not currently supported, skipping
[22:42:10] [Client thread/INFO] [FML]: OBJModel: A color has already been defined for material 'Material.001' in 'tg:models/block/terra_focus_hell.mtl'. The color defined by key 'Ks' will not be applied!
[22:42:10] [Client thread/INFO] [FML]: OBJLoader.MaterialLibrary: key 'Ke' (model: 'tg:models/block/terra_focus_hell.mtl') is not currently supported, skipping
[22:42:10] [Client thread/INFO] [FML]: OBJLoader.MaterialLibrary: key 'Ni' (model: 'tg:models/block/terra_focus_hell.mtl') is not currently supported, skipping
[22:42:10] [Client thread/INFO] [FML]: OBJLoader.MaterialLibrary: key 'illum' (model: 'tg:models/block/terra_focus_hell.mtl') is not currently supported, skipping
[22:42:10] [Client thread/INFO] [FML]: OBJLoader.MaterialLibrary: key 'Ns' (model: 'tg:models/block/terra_focus_jungle.mtl') is not currently supported, skipping
[22:42:10] [Client thread/INFO] [FML]: OBJModel: A color has already been defined for material 'Material.001' in 'tg:models/block/terra_focus_jungle.mtl'. The color defined by key 'Ks' will not be applied!
[22:42:10] [Client thread/INFO] [FML]: OBJLoader.MaterialLibrary: key 'Ke' (model: 'tg:models/block/terra_focus_jungle.mtl') is not currently supported, skipping
[22:42:10] [Client thread/INFO] [FML]: OBJLoader.MaterialLibrary: key 'Ni' (model: 'tg:models/block/terra_focus_jungle.mtl') is not currently supported, skipping
[22:42:10] [Client thread/INFO] [FML]: OBJLoader.MaterialLibrary: key 'illum' (model: 'tg:models/block/terra_focus_jungle.mtl') is not currently supported, skipping
[22:42:10] [Client thread/INFO] [FML]: OBJLoader.MaterialLibrary: key 'Ns' (model: 'tg:models/block/terra_focus_mushroom.mtl') is not currently supported, skipping
[22:42:10] [Client thread/INFO] [FML]: OBJModel: A color has already been defined for material 'Material.001' in 'tg:models/block/terra_focus_mushroom.mtl'. The color defined by key 'Ks' will not be applied!
[22:42:10] [Client thread/INFO] [FML]: OBJLoader.MaterialLibrary: key 'Ke' (model: 'tg:models/block/terra_focus_mushroom.mtl') is not currently supported, skipping
[22:42:10] [Client thread/INFO] [FML]: OBJLoader.MaterialLibrary: key 'Ni' (model: 'tg:models/block/terra_focus_mushroom.mtl') is not currently supported, skipping
[22:42:10] [Client thread/INFO] [FML]: OBJLoader.MaterialLibrary: key 'illum' (model: 'tg:models/block/terra_focus_mushroom.mtl') is not currently supported, skipping
[22:42:10] [Client thread/INFO] [FML]: OBJLoader.MaterialLibrary: key 'Ns' (model: 'tg:models/block/terra_focus_plains.mtl') is not currently supported, skipping
[22:42:10] [Client thread/INFO] [FML]: OBJModel: A color has already been defined for material 'Material.001' in 'tg:models/block/terra_focus_plains.mtl'. The color defined by key 'Ks' will not be applied!
[22:42:10] [Client thread/INFO] [FML]: OBJLoader.MaterialLibrary: key 'Ke' (model: 'tg:models/block/terra_focus_plains.mtl') is not currently supported, skipping
[22:42:10] [Client thread/INFO] [FML]: OBJLoader.MaterialLibrary: key 'Ni' (model: 'tg:models/block/terra_focus_plains.mtl') is not currently supported, skipping
[22:42:10] [Client thread/INFO] [FML]: OBJLoader.MaterialLibrary: key 'illum' (model: 'tg:models/block/terra_focus_plains.mtl') is not currently supported, skipping
[22:42:10] [Client thread/INFO] [FML]: OBJLoader.MaterialLibrary: key 'Ns' (model: 'tg:models/block/terra_focus_ice_plains.mtl') is not currently supported, skipping
[22:42:10] [Client thread/INFO] [FML]: OBJModel: A color has already been defined for material 'Material.001' in 'tg:models/block/terra_focus_ice_plains.mtl'. The color defined by key 'Ks' will not be applied!
[22:42:10] [Client thread/INFO] [FML]: OBJLoader.MaterialLibrary: key 'Ke' (model: 'tg:models/block/terra_focus_ice_plains.mtl') is not currently supported, skipping
[22:42:10] [Client thread/INFO] [FML]: OBJLoader.MaterialLibrary: key 'Ni' (model: 'tg:models/block/terra_focus_ice_plains.mtl') is not currently supported, skipping
[22:42:10] [Client thread/INFO] [FML]: OBJLoader.MaterialLibrary: key 'illum' (model: 'tg:models/block/terra_focus_ice_plains.mtl') is not currently supported, skipping
[22:42:10] [Client thread/INFO] [FML]: OBJLoader.MaterialLibrary: key 'Ns' (model: 'tg:models/block/terra_focus_forest.mtl') is not currently supported, skipping
[22:42:10] [Client thread/INFO] [FML]: OBJModel: A color has already been defined for material 'Material.001' in 'tg:models/block/terra_focus_forest.mtl'. The color defined by key 'Ks' will not be applied!
[22:42:10] [Client thread/INFO] [FML]: OBJLoader.MaterialLibrary: key 'Ke' (model: 'tg:models/block/terra_focus_forest.mtl') is not currently supported, skipping
[22:42:10] [Client thread/INFO] [FML]: OBJLoader.MaterialLibrary: key 'Ni' (model: 'tg:models/block/terra_focus_forest.mtl') is not currently supported, skipping
[22:42:10] [Client thread/INFO] [FML]: OBJLoader.MaterialLibrary: key 'illum' (model: 'tg:models/block/terra_focus_forest.mtl') is not currently supported, skipping
[22:42:10] [Client thread/INFO] [FML]: OBJLoader.MaterialLibrary: key 'Ns' (model: 'tg:models/block/terra_focus_swampland.mtl') is not currently supported, skipping
[22:42:10] [Client thread/INFO] [FML]: OBJModel: A color has already been defined for material 'Material.001' in 'tg:models/block/terra_focus_swampland.mtl'. The color defined by key 'Ks' will not be applied!
[22:42:10] [Client thread/INFO] [FML]: OBJLoader.MaterialLibrary: key 'Ke' (model: 'tg:models/block/terra_focus_swampland.mtl') is not currently supported, skipping
[22:42:10] [Client thread/INFO] [FML]: OBJLoader.MaterialLibrary: key 'Ni' (model: 'tg:models/block/terra_focus_swampland.mtl') is not currently supported, skipping
[22:42:10] [Client thread/INFO] [FML]: OBJLoader.MaterialLibrary: key 'illum' (model: 'tg:models/block/terra_focus_swampland.mtl') is not currently supported, skipping
[22:42:10] [Client thread/INFO] [FML]: OBJLoader.MaterialLibrary: key 'Ns' (model: 'tg:models/block/terra_focus_savanna.mtl') is not currently supported, skipping
[22:42:10] [Client thread/INFO] [FML]: OBJModel: A color has already been defined for material 'Material.001' in 'tg:models/block/terra_focus_savanna.mtl'. The color defined by key 'Ks' will not be applied!
[22:42:10] [Client thread/INFO] [FML]: OBJLoader.MaterialLibrary: key 'Ke' (model: 'tg:models/block/terra_focus_savanna.mtl') is not currently supported, skipping
[22:42:10] [Client thread/INFO] [FML]: OBJLoader.MaterialLibrary: key 'Ni' (model: 'tg:models/block/terra_focus_savanna.mtl') is not currently supported, skipping
[22:42:10] [Client thread/INFO] [FML]: OBJLoader.MaterialLibrary: key 'illum' (model: 'tg:models/block/terra_focus_savanna.mtl') is not currently supported, skipping
[22:42:10] [Client thread/INFO] [FML]: OBJLoader.MaterialLibrary: key '' (model: 'thaumcraft:models/block/arcane_workbench_charger.mtl') is not currently supported, skipping
[22:42:10] [Client thread/INFO] [FML]: OBJLoader.MaterialLibrary: key '' (model: 'thaumcraft:models/block/pillar.mtl') is not currently supported, skipping
[22:42:10] [Client thread/INFO] [FML]: OBJLoader.MaterialLibrary: key '' (model: 'thaumcraft:models/block/thaumatorium.mtl') is not currently supported, skipping
[22:42:10] [Client thread/INFO] [FML]: OBJModel: A color has already been defined for material 'All' in 'thaumictinkerer:models/block/pillar_diag.mtl'. The color defined by key 'Ks' will not be applied!
[22:42:10] [Client thread/INFO] [FML]: OBJLoader.MaterialLibrary: key 'Tf' (model: 'thaumictinkerer:models/block/pillar_diag.mtl') is not currently supported, skipping
[22:42:10] [Client thread/INFO] [FML]: OBJLoader.MaterialLibrary: key 'Ns' (model: 'thaumictinkerer:models/block/pillar_diag.mtl') is not currently supported, skipping
[22:42:10] [Client thread/INFO] [FML]: OBJModel: A color has already been defined for material 'All' in 'thaumictinkerer:models/block/pillar_side.mtl'. The color defined by key 'Ks' will not be applied!
[22:42:10] [Client thread/INFO] [FML]: OBJLoader.MaterialLibrary: key 'Tf' (model: 'thaumictinkerer:models/block/pillar_side.mtl') is not currently supported, skipping
[22:42:10] [Client thread/INFO] [FML]: OBJLoader.MaterialLibrary: key 'Ns' (model: 'thaumictinkerer:models/block/pillar_side.mtl') is not currently supported, skipping
[22:42:11] [Client thread/INFO] [FML]: OBJLoader.MaterialLibrary: key 'Ns' (model: 'tg:models/block/book_holder.mtl') is not currently supported, skipping
[22:42:11] [Client thread/INFO] [FML]: OBJModel: A color has already been defined for material 'Material.001' in 'tg:models/block/book_holder.mtl'. The color defined by key 'Ks' will not be applied!
[22:42:11] [Client thread/INFO] [FML]: OBJLoader.MaterialLibrary: key 'Ke' (model: 'tg:models/block/book_holder.mtl') is not currently supported, skipping
[22:42:11] [Client thread/INFO] [FML]: OBJLoader.MaterialLibrary: key 'Ni' (model: 'tg:models/block/book_holder.mtl') is not currently supported, skipping
[22:42:11] [Client thread/INFO] [FML]: OBJLoader.MaterialLibrary: key 'illum' (model: 'tg:models/block/book_holder.mtl') is not currently supported, skipping
[22:42:11] [Client thread/INFO] [FML]: OBJLoader.MaterialLibrary: key 'Ns' (model: 'tg:models/block/eye.mtl') is not currently supported, skipping
[22:42:11] [Client thread/INFO] [FML]: OBJModel: A color has already been defined for material 'Material.001' in 'tg:models/block/eye.mtl'. The color defined by key 'Ks' will not be applied!
[22:42:11] [Client thread/INFO] [FML]: OBJLoader.MaterialLibrary: key 'Ke' (model: 'tg:models/block/eye.mtl') is not currently supported, skipping
[22:42:11] [Client thread/INFO] [FML]: OBJLoader.MaterialLibrary: key 'Ni' (model: 'tg:models/block/eye.mtl') is not currently supported, skipping
[22:42:11] [Client thread/INFO] [FML]: OBJLoader.MaterialLibrary: key 'illum' (model: 'tg:models/block/eye.mtl') is not currently supported, skipping
[22:42:11] [Client thread/INFO] [FML]: OBJLoader.MaterialLibrary: key 'Ns' (model: 'tg:models/block/lamp.mtl') is not currently supported, skipping
[22:42:11] [Client thread/INFO] [FML]: OBJModel: A color has already been defined for material 'Material' in 'tg:models/block/lamp.mtl'. The color defined by key 'Ks' will not be applied!
[22:42:11] [Client thread/INFO] [FML]: OBJLoader.MaterialLibrary: key 'Ke' (model: 'tg:models/block/lamp.mtl') is not currently supported, skipping
[22:42:11] [Client thread/INFO] [FML]: OBJLoader.MaterialLibrary: key 'Ni' (model: 'tg:models/block/lamp.mtl') is not currently supported, skipping
[22:42:11] [Client thread/INFO] [FML]: OBJLoader.MaterialLibrary: key 'illum' (model: 'tg:models/block/lamp.mtl') is not currently supported, skipping
[22:42:11] [Client thread/WARN] [FML]: OBJModel.Parser: found a face ('f') with more than 4 vertices, only the first 4 of these vertices will be rendered!
[22:42:11] [Client thread/WARN] [FML]: OBJModel.Parser: found a face ('f') with more than 4 vertices, only the first 4 of these vertices will be rendered!
[22:42:11] [Client thread/WARN] [FML]: OBJModel.Parser: found a face ('f') with more than 4 vertices, only the first 4 of these vertices will be rendered!
[22:42:11] [Client thread/WARN] [FML]: OBJModel.Parser: found a face ('f') with more than 4 vertices, only the first 4 of these vertices will be rendered!
[22:42:11] [Client thread/WARN] [FML]: OBJModel.Parser: found a face ('f') with more than 4 vertices, only the first 4 of these vertices will be rendered!
[22:42:11] [Client thread/WARN] [FML]: OBJModel.Parser: found a face ('f') with more than 4 vertices, only the first 4 of these vertices will be rendered!
[22:42:11] [Client thread/WARN] [FML]: OBJModel.Parser: found a face ('f') with more than 4 vertices, only the first 4 of these vertices will be rendered!
[22:42:11] [Client thread/WARN] [FML]: OBJModel.Parser: found a face ('f') with more than 4 vertices, only the first 4 of these vertices will be rendered!
[22:42:11] [Client thread/ERROR] [FML]: Could not load vanilla model parent 'minecraft:nether_bricks' for 'net.minecraft.client.renderer.block.model.ModelBlock@4ae9ca9f'
net.minecraftforge.client.model.ModelLoaderRegistry$LoaderException: Exception loading model minecraft:nether_bricks with loader VanillaLoader.INSTANCE, skipping
	at net.minecraftforge.client.model.ModelLoaderRegistry.getModel(ModelLoaderRegistry.java:161) ~[ModelLoaderRegistry.class:?]
	at net.minecraftforge.client.model.ModelLoaderRegistry.getModelOrLogError(ModelLoaderRegistry.java:211) [ModelLoaderRegistry.class:?]
	at net.minecraftforge.client.model.ModelLoader$VanillaModelWrapper.getTextures(ModelLoader.java:387) [ModelLoader$VanillaModelWrapper.class:?]
	at net.minecraftforge.client.model.ModelLoaderRegistry.getModel(ModelLoaderRegistry.java:171) [ModelLoaderRegistry.class:?]
	at net.minecraftforge.client.model.ModelLoader.loadItemModels(ModelLoader.java:302) [ModelLoader.class:?]
	at net.minecraft.client.renderer.block.model.ModelBakery.loadVariantItemModels(ModelBakery.java:175) [ModelBakery.class:?]
	at net.minecraftforge.client.model.ModelLoader.setupModelRegistry(ModelLoader.java:151) [ModelLoader.class:?]
	at net.minecraft.client.renderer.block.model.ModelManager.onResourceManagerReload(ModelManager.java:28) [ModelManager.class:?]
	at net.minecraft.client.resources.SimpleReloadableResourceManager.registerReloadListener(SimpleReloadableResourceManager.java:121) [SimpleReloadableResourceManager.class:?]
	at net.minecraft.client.Minecraft.init(Minecraft.java:560) [Minecraft.class:?]
	at net.minecraft.client.Minecraft.run(Minecraft.java:422) [Minecraft.class:?]
	at net.minecraft.client.main.Main.main(Main.java:118) [Main.class:?]
	at sun.reflect.NativeMethodAccessorImpl.invoke0(Native Method) ~[?:1.8.0_412]
	at sun.reflect.NativeMethodAccessorImpl.invoke(NativeMethodAccessorImpl.java:62) ~[?:1.8.0_412]
	at sun.reflect.DelegatingMethodAccessorImpl.invoke(DelegatingMethodAccessorImpl.java:43) ~[?:1.8.0_412]
	at java.lang.reflect.Method.invoke(Method.java:498) ~[?:1.8.0_412]
	at net.minecraft.launchwrapper.Launch.launch(Launch.java:135) [launchwrapper-1.12.jar:?]
	at net.minecraft.launchwrapper.Launch.main(Launch.java:28) [launchwrapper-1.12.jar:?]
	at sun.reflect.NativeMethodAccessorImpl.invoke0(Native Method) ~[?:1.8.0_412]
	at sun.reflect.NativeMethodAccessorImpl.invoke(NativeMethodAccessorImpl.java:62) ~[?:1.8.0_412]
	at sun.reflect.DelegatingMethodAccessorImpl.invoke(DelegatingMethodAccessorImpl.java:43) ~[?:1.8.0_412]
	at java.lang.reflect.Method.invoke(Method.java:498) ~[?:1.8.0_412]
	at net.minecraftforge.gradle.GradleStartCommon.launch(GradleStartCommon.java:97) [start/:?]
	at GradleStart.main(GradleStart.java:25) [start/:?]
Caused by: java.io.FileNotFoundException: minecraft:models/nether_bricks.json
	at net.minecraft.client.resources.FallbackResourceManager.getResource(FallbackResourceManager.java:69) ~[FallbackResourceManager.class:?]
	at net.minecraft.client.resources.SimpleReloadableResourceManager.getResource(SimpleReloadableResourceManager.java:65) ~[SimpleReloadableResourceManager.class:?]
	at net.minecraft.client.renderer.block.model.ModelBakery.loadModel(ModelBakery.java:334) ~[ModelBakery.class:?]
	at net.minecraftforge.client.model.ModelLoader.access$1400(ModelLoader.java:115) ~[ModelLoader.class:?]
	at net.minecraftforge.client.model.ModelLoader$VanillaLoader.loadModel(ModelLoader.java:861) ~[ModelLoader$VanillaLoader.class:?]
	at net.minecraftforge.client.model.ModelLoaderRegistry.getModel(ModelLoaderRegistry.java:157) ~[ModelLoaderRegistry.class:?]
	... 23 more
[22:42:11] [Client thread/ERROR] [FML]: Could not load vanilla model parent 'minecraft:obsidian' for 'net.minecraft.client.renderer.block.model.ModelBlock@7df549dd'
net.minecraftforge.client.model.ModelLoaderRegistry$LoaderException: Exception loading model minecraft:obsidian with loader VanillaLoader.INSTANCE, skipping
	at net.minecraftforge.client.model.ModelLoaderRegistry.getModel(ModelLoaderRegistry.java:161) ~[ModelLoaderRegistry.class:?]
	at net.minecraftforge.client.model.ModelLoaderRegistry.getModelOrLogError(ModelLoaderRegistry.java:211) [ModelLoaderRegistry.class:?]
	at net.minecraftforge.client.model.ModelLoader$VanillaModelWrapper.getTextures(ModelLoader.java:387) [ModelLoader$VanillaModelWrapper.class:?]
	at net.minecraftforge.client.model.ModelLoaderRegistry.getModel(ModelLoaderRegistry.java:171) [ModelLoaderRegistry.class:?]
	at net.minecraftforge.client.model.ModelLoader.loadItemModels(ModelLoader.java:302) [ModelLoader.class:?]
	at net.minecraft.client.renderer.block.model.ModelBakery.loadVariantItemModels(ModelBakery.java:175) [ModelBakery.class:?]
	at net.minecraftforge.client.model.ModelLoader.setupModelRegistry(ModelLoader.java:151) [ModelLoader.class:?]
	at net.minecraft.client.renderer.block.model.ModelManager.onResourceManagerReload(ModelManager.java:28) [ModelManager.class:?]
	at net.minecraft.client.resources.SimpleReloadableResourceManager.registerReloadListener(SimpleReloadableResourceManager.java:121) [SimpleReloadableResourceManager.class:?]
	at net.minecraft.client.Minecraft.init(Minecraft.java:560) [Minecraft.class:?]
	at net.minecraft.client.Minecraft.run(Minecraft.java:422) [Minecraft.class:?]
	at net.minecraft.client.main.Main.main(Main.java:118) [Main.class:?]
	at sun.reflect.NativeMethodAccessorImpl.invoke0(Native Method) ~[?:1.8.0_412]
	at sun.reflect.NativeMethodAccessorImpl.invoke(NativeMethodAccessorImpl.java:62) ~[?:1.8.0_412]
	at sun.reflect.DelegatingMethodAccessorImpl.invoke(DelegatingMethodAccessorImpl.java:43) ~[?:1.8.0_412]
	at java.lang.reflect.Method.invoke(Method.java:498) ~[?:1.8.0_412]
	at net.minecraft.launchwrapper.Launch.launch(Launch.java:135) [launchwrapper-1.12.jar:?]
	at net.minecraft.launchwrapper.Launch.main(Launch.java:28) [launchwrapper-1.12.jar:?]
	at sun.reflect.NativeMethodAccessorImpl.invoke0(Native Method) ~[?:1.8.0_412]
	at sun.reflect.NativeMethodAccessorImpl.invoke(NativeMethodAccessorImpl.java:62) ~[?:1.8.0_412]
	at sun.reflect.DelegatingMethodAccessorImpl.invoke(DelegatingMethodAccessorImpl.java:43) ~[?:1.8.0_412]
	at java.lang.reflect.Method.invoke(Method.java:498) ~[?:1.8.0_412]
	at net.minecraftforge.gradle.GradleStartCommon.launch(GradleStartCommon.java:97) [start/:?]
	at GradleStart.main(GradleStart.java:25) [start/:?]
Caused by: java.io.FileNotFoundException: minecraft:models/obsidian.json
	at net.minecraft.client.resources.FallbackResourceManager.getResource(FallbackResourceManager.java:69) ~[FallbackResourceManager.class:?]
	at net.minecraft.client.resources.SimpleReloadableResourceManager.getResource(SimpleReloadableResourceManager.java:65) ~[SimpleReloadableResourceManager.class:?]
	at net.minecraft.client.renderer.block.model.ModelBakery.loadModel(ModelBakery.java:334) ~[ModelBakery.class:?]
	at net.minecraftforge.client.model.ModelLoader.access$1400(ModelLoader.java:115) ~[ModelLoader.class:?]
	at net.minecraftforge.client.model.ModelLoader$VanillaLoader.loadModel(ModelLoader.java:861) ~[ModelLoader$VanillaLoader.class:?]
	at net.minecraftforge.client.model.ModelLoaderRegistry.getModel(ModelLoaderRegistry.java:157) ~[ModelLoaderRegistry.class:?]
	... 23 more
[22:42:11] [Client thread/ERROR] [FML]: Could not load vanilla model parent 'minecraft:soul_sand' for 'net.minecraft.client.renderer.block.model.ModelBlock@a5c63f7'
net.minecraftforge.client.model.ModelLoaderRegistry$LoaderException: Exception loading model minecraft:soul_sand with loader VanillaLoader.INSTANCE, skipping
	at net.minecraftforge.client.model.ModelLoaderRegistry.getModel(ModelLoaderRegistry.java:161) ~[ModelLoaderRegistry.class:?]
	at net.minecraftforge.client.model.ModelLoaderRegistry.getModelOrLogError(ModelLoaderRegistry.java:211) [ModelLoaderRegistry.class:?]
	at net.minecraftforge.client.model.ModelLoader$VanillaModelWrapper.getTextures(ModelLoader.java:387) [ModelLoader$VanillaModelWrapper.class:?]
	at net.minecraftforge.client.model.ModelLoaderRegistry.getModel(ModelLoaderRegistry.java:171) [ModelLoaderRegistry.class:?]
	at net.minecraftforge.client.model.ModelLoader.loadItemModels(ModelLoader.java:302) [ModelLoader.class:?]
	at net.minecraft.client.renderer.block.model.ModelBakery.loadVariantItemModels(ModelBakery.java:175) [ModelBakery.class:?]
	at net.minecraftforge.client.model.ModelLoader.setupModelRegistry(ModelLoader.java:151) [ModelLoader.class:?]
	at net.minecraft.client.renderer.block.model.ModelManager.onResourceManagerReload(ModelManager.java:28) [ModelManager.class:?]
	at net.minecraft.client.resources.SimpleReloadableResourceManager.registerReloadListener(SimpleReloadableResourceManager.java:121) [SimpleReloadableResourceManager.class:?]
	at net.minecraft.client.Minecraft.init(Minecraft.java:560) [Minecraft.class:?]
	at net.minecraft.client.Minecraft.run(Minecraft.java:422) [Minecraft.class:?]
	at net.minecraft.client.main.Main.main(Main.java:118) [Main.class:?]
	at sun.reflect.NativeMethodAccessorImpl.invoke0(Native Method) ~[?:1.8.0_412]
	at sun.reflect.NativeMethodAccessorImpl.invoke(NativeMethodAccessorImpl.java:62) ~[?:1.8.0_412]
	at sun.reflect.DelegatingMethodAccessorImpl.invoke(DelegatingMethodAccessorImpl.java:43) ~[?:1.8.0_412]
	at java.lang.reflect.Method.invoke(Method.java:498) ~[?:1.8.0_412]
	at net.minecraft.launchwrapper.Launch.launch(Launch.java:135) [launchwrapper-1.12.jar:?]
	at net.minecraft.launchwrapper.Launch.main(Launch.java:28) [launchwrapper-1.12.jar:?]
	at sun.reflect.NativeMethodAccessorImpl.invoke0(Native Method) ~[?:1.8.0_412]
	at sun.reflect.NativeMethodAccessorImpl.invoke(NativeMethodAccessorImpl.java:62) ~[?:1.8.0_412]
	at sun.reflect.DelegatingMethodAccessorImpl.invoke(DelegatingMethodAccessorImpl.java:43) ~[?:1.8.0_412]
	at java.lang.reflect.Method.invoke(Method.java:498) ~[?:1.8.0_412]
	at net.minecraftforge.gradle.GradleStartCommon.launch(GradleStartCommon.java:97) [start/:?]
	at GradleStart.main(GradleStart.java:25) [start/:?]
Caused by: java.io.FileNotFoundException: minecraft:models/soul_sand.json
	at net.minecraft.client.resources.FallbackResourceManager.getResource(FallbackResourceManager.java:69) ~[FallbackResourceManager.class:?]
	at net.minecraft.client.resources.SimpleReloadableResourceManager.getResource(SimpleReloadableResourceManager.java:65) ~[SimpleReloadableResourceManager.class:?]
	at net.minecraft.client.renderer.block.model.ModelBakery.loadModel(ModelBakery.java:334) ~[ModelBakery.class:?]
	at net.minecraftforge.client.model.ModelLoader.access$1400(ModelLoader.java:115) ~[ModelLoader.class:?]
	at net.minecraftforge.client.model.ModelLoader$VanillaLoader.loadModel(ModelLoader.java:861) ~[ModelLoader$VanillaLoader.class:?]
	at net.minecraftforge.client.model.ModelLoaderRegistry.getModel(ModelLoaderRegistry.java:157) ~[ModelLoaderRegistry.class:?]
	... 23 more
[22:42:11] [Client thread/INFO] [FML]: OBJLoader.MaterialLibrary: key 'Ns' (model: 'tg:models/block/stabilizer_1.mtl') is not currently supported, skipping
[22:42:11] [Client thread/INFO] [FML]: OBJModel: A color has already been defined for material 'Material.002' in 'tg:models/block/stabilizer_1.mtl'. The color defined by key 'Ks' will not be applied!
[22:42:11] [Client thread/INFO] [FML]: OBJLoader.MaterialLibrary: key 'Ke' (model: 'tg:models/block/stabilizer_1.mtl') is not currently supported, skipping
[22:42:11] [Client thread/INFO] [FML]: OBJLoader.MaterialLibrary: key 'Ni' (model: 'tg:models/block/stabilizer_1.mtl') is not currently supported, skipping
[22:42:11] [Client thread/INFO] [FML]: OBJLoader.MaterialLibrary: key 'illum' (model: 'tg:models/block/stabilizer_1.mtl') is not currently supported, skipping
[22:42:11] [Client thread/INFO] [FML]: OBJLoader.MaterialLibrary: key 'Ns' (model: 'tg:models/block/stabilizer_2.mtl') is not currently supported, skipping
[22:42:11] [Client thread/INFO] [FML]: OBJModel: A color has already been defined for material 'Material.001' in 'tg:models/block/stabilizer_2.mtl'. The color defined by key 'Ks' will not be applied!
[22:42:11] [Client thread/INFO] [FML]: OBJLoader.MaterialLibrary: key 'Ke' (model: 'tg:models/block/stabilizer_2.mtl') is not currently supported, skipping
[22:42:11] [Client thread/INFO] [FML]: OBJLoader.MaterialLibrary: key 'Ni' (model: 'tg:models/block/stabilizer_2.mtl') is not currently supported, skipping
[22:42:11] [Client thread/INFO] [FML]: OBJLoader.MaterialLibrary: key 'illum' (model: 'tg:models/block/stabilizer_2.mtl') is not currently supported, skipping
[22:42:11] [Client thread/INFO] [FML]: OBJLoader.MaterialLibrary: key 'Ns' (model: 'tg:models/block/terra_focus_plains.mtl') is not currently supported, skipping
[22:42:11] [Client thread/INFO] [FML]: OBJModel: A color has already been defined for material 'Material.001' in 'tg:models/block/terra_focus_plains.mtl'. The color defined by key 'Ks' will not be applied!
[22:42:11] [Client thread/INFO] [FML]: OBJLoader.MaterialLibrary: key 'Ke' (model: 'tg:models/block/terra_focus_plains.mtl') is not currently supported, skipping
[22:42:11] [Client thread/INFO] [FML]: OBJLoader.MaterialLibrary: key 'Ni' (model: 'tg:models/block/terra_focus_plains.mtl') is not currently supported, skipping
[22:42:11] [Client thread/INFO] [FML]: OBJLoader.MaterialLibrary: key 'illum' (model: 'tg:models/block/terra_focus_plains.mtl') is not currently supported, skipping
[22:42:11] [Client thread/INFO] [FML]: OBJLoader.MaterialLibrary: key 'Ns' (model: 'tg:models/block/terra_focus_desert.mtl') is not currently supported, skipping
[22:42:11] [Client thread/INFO] [FML]: OBJModel: A color has already been defined for material 'Material.001' in 'tg:models/block/terra_focus_desert.mtl'. The color defined by key 'Ks' will not be applied!
[22:42:11] [Client thread/INFO] [FML]: OBJLoader.MaterialLibrary: key 'Ke' (model: 'tg:models/block/terra_focus_desert.mtl') is not currently supported, skipping
[22:42:11] [Client thread/INFO] [FML]: OBJLoader.MaterialLibrary: key 'Ni' (model: 'tg:models/block/terra_focus_desert.mtl') is not currently supported, skipping
[22:42:11] [Client thread/INFO] [FML]: OBJLoader.MaterialLibrary: key 'illum' (model: 'tg:models/block/terra_focus_desert.mtl') is not currently supported, skipping
[22:42:11] [Client thread/INFO] [FML]: OBJLoader.MaterialLibrary: key 'Ns' (model: 'tg:models/block/terra_focus_mushroom.mtl') is not currently supported, skipping
[22:42:11] [Client thread/INFO] [FML]: OBJModel: A color has already been defined for material 'Material.001' in 'tg:models/block/terra_focus_mushroom.mtl'. The color defined by key 'Ks' will not be applied!
[22:42:11] [Client thread/INFO] [FML]: OBJLoader.MaterialLibrary: key 'Ke' (model: 'tg:models/block/terra_focus_mushroom.mtl') is not currently supported, skipping
[22:42:11] [Client thread/INFO] [FML]: OBJLoader.MaterialLibrary: key 'Ni' (model: 'tg:models/block/terra_focus_mushroom.mtl') is not currently supported, skipping
[22:42:11] [Client thread/INFO] [FML]: OBJLoader.MaterialLibrary: key 'illum' (model: 'tg:models/block/terra_focus_mushroom.mtl') is not currently supported, skipping
[22:42:11] [Client thread/INFO] [FML]: OBJLoader.MaterialLibrary: key 'Ns' (model: 'tg:models/block/terra_focus_hell.mtl') is not currently supported, skipping
[22:42:11] [Client thread/INFO] [FML]: OBJModel: A color has already been defined for material 'Material.001' in 'tg:models/block/terra_focus_hell.mtl'. The color defined by key 'Ks' will not be applied!
[22:42:11] [Client thread/INFO] [FML]: OBJLoader.MaterialLibrary: key 'Ke' (model: 'tg:models/block/terra_focus_hell.mtl') is not currently supported, skipping
[22:42:11] [Client thread/INFO] [FML]: OBJLoader.MaterialLibrary: key 'Ni' (model: 'tg:models/block/terra_focus_hell.mtl') is not currently supported, skipping
[22:42:11] [Client thread/INFO] [FML]: OBJLoader.MaterialLibrary: key 'illum' (model: 'tg:models/block/terra_focus_hell.mtl') is not currently supported, skipping
[22:42:11] [Client thread/INFO] [FML]: OBJLoader.MaterialLibrary: key 'Ns' (model: 'tg:models/block/terra_focus_swampland.mtl') is not currently supported, skipping
[22:42:11] [Client thread/INFO] [FML]: OBJModel: A color has already been defined for material 'Material.001' in 'tg:models/block/terra_focus_swampland.mtl'. The color defined by key 'Ks' will not be applied!
[22:42:11] [Client thread/INFO] [FML]: OBJLoader.MaterialLibrary: key 'Ke' (model: 'tg:models/block/terra_focus_swampland.mtl') is not currently supported, skipping
[22:42:11] [Client thread/INFO] [FML]: OBJLoader.MaterialLibrary: key 'Ni' (model: 'tg:models/block/terra_focus_swampland.mtl') is not currently supported, skipping
[22:42:11] [Client thread/INFO] [FML]: OBJLoader.MaterialLibrary: key 'illum' (model: 'tg:models/block/terra_focus_swampland.mtl') is not currently supported, skipping
[22:42:11] [Client thread/INFO] [FML]: OBJLoader.MaterialLibrary: key 'Ns' (model: 'tg:models/block/terra_focus_ice_plains.mtl') is not currently supported, skipping
[22:42:11] [Client thread/INFO] [FML]: OBJModel: A color has already been defined for material 'Material.001' in 'tg:models/block/terra_focus_ice_plains.mtl'. The color defined by key 'Ks' will not be applied!
[22:42:11] [Client thread/INFO] [FML]: OBJLoader.MaterialLibrary: key 'Ke' (model: 'tg:models/block/terra_focus_ice_plains.mtl') is not currently supported, skipping
[22:42:11] [Client thread/INFO] [FML]: OBJLoader.MaterialLibrary: key 'Ni' (model: 'tg:models/block/terra_focus_ice_plains.mtl') is not currently supported, skipping
[22:42:11] [Client thread/INFO] [FML]: OBJLoader.MaterialLibrary: key 'illum' (model: 'tg:models/block/terra_focus_ice_plains.mtl') is not currently supported, skipping
[22:42:11] [Client thread/INFO] [FML]: OBJLoader.MaterialLibrary: key 'Ns' (model: 'tg:models/block/terra_focus_jungle.mtl') is not currently supported, skipping
[22:42:11] [Client thread/INFO] [FML]: OBJModel: A color has already been defined for material 'Material.001' in 'tg:models/block/terra_focus_jungle.mtl'. The color defined by key 'Ks' will not be applied!
[22:42:11] [Client thread/INFO] [FML]: OBJLoader.MaterialLibrary: key 'Ke' (model: 'tg:models/block/terra_focus_jungle.mtl') is not currently supported, skipping
[22:42:11] [Client thread/INFO] [FML]: OBJLoader.MaterialLibrary: key 'Ni' (model: 'tg:models/block/terra_focus_jungle.mtl') is not currently supported, skipping
[22:42:11] [Client thread/INFO] [FML]: OBJLoader.MaterialLibrary: key 'illum' (model: 'tg:models/block/terra_focus_jungle.mtl') is not currently supported, skipping
[22:42:11] [Client thread/INFO] [FML]: OBJLoader.MaterialLibrary: key 'Ns' (model: 'tg:models/block/terra_focus_savanna.mtl') is not currently supported, skipping
[22:42:11] [Client thread/INFO] [FML]: OBJModel: A color has already been defined for material 'Material.001' in 'tg:models/block/terra_focus_savanna.mtl'. The color defined by key 'Ks' will not be applied!
[22:42:11] [Client thread/INFO] [FML]: OBJLoader.MaterialLibrary: key 'Ke' (model: 'tg:models/block/terra_focus_savanna.mtl') is not currently supported, skipping
[22:42:11] [Client thread/INFO] [FML]: OBJLoader.MaterialLibrary: key 'Ni' (model: 'tg:models/block/terra_focus_savanna.mtl') is not currently supported, skipping
[22:42:11] [Client thread/INFO] [FML]: OBJLoader.MaterialLibrary: key 'illum' (model: 'tg:models/block/terra_focus_savanna.mtl') is not currently supported, skipping
[22:42:11] [Client thread/INFO] [FML]: OBJLoader.MaterialLibrary: key 'Ns' (model: 'tg:models/block/terra_focus_taiga.mtl') is not currently supported, skipping
[22:42:11] [Client thread/INFO] [FML]: OBJModel: A color has already been defined for material 'Material.001' in 'tg:models/block/terra_focus_taiga.mtl'. The color defined by key 'Ks' will not be applied!
[22:42:11] [Client thread/INFO] [FML]: OBJLoader.MaterialLibrary: key 'Ke' (model: 'tg:models/block/terra_focus_taiga.mtl') is not currently supported, skipping
[22:42:11] [Client thread/INFO] [FML]: OBJLoader.MaterialLibrary: key 'Ni' (model: 'tg:models/block/terra_focus_taiga.mtl') is not currently supported, skipping
[22:42:11] [Client thread/INFO] [FML]: OBJLoader.MaterialLibrary: key 'illum' (model: 'tg:models/block/terra_focus_taiga.mtl') is not currently supported, skipping
[22:42:11] [Client thread/INFO] [FML]: OBJLoader.MaterialLibrary: key 'Ns' (model: 'tg:models/block/terra_focus_forest.mtl') is not currently supported, skipping
[22:42:11] [Client thread/INFO] [FML]: OBJModel: A color has already been defined for material 'Material.001' in 'tg:models/block/terra_focus_forest.mtl'. The color defined by key 'Ks' will not be applied!
[22:42:11] [Client thread/INFO] [FML]: OBJLoader.MaterialLibrary: key 'Ke' (model: 'tg:models/block/terra_focus_forest.mtl') is not currently supported, skipping
[22:42:11] [Client thread/INFO] [FML]: OBJLoader.MaterialLibrary: key 'Ni' (model: 'tg:models/block/terra_focus_forest.mtl') is not currently supported, skipping
[22:42:11] [Client thread/INFO] [FML]: OBJLoader.MaterialLibrary: key 'illum' (model: 'tg:models/block/terra_focus_forest.mtl') is not currently supported, skipping
[22:42:11] [Client thread/INFO] [FML]: OBJLoader.MaterialLibrary: key '' (model: 'thaumadditions:models/item/void_thaumometer.mtl') is not currently supported, skipping
[22:42:11] [Client thread/INFO] [FML]: OBJLoader.MaterialLibrary: key '' (model: 'thaumcraft:models/block/golembuilder.mtl') is not currently supported, skipping
[22:42:11] [Client thread/INFO] [FML]: OBJLoader.MaterialLibrary: key '' (model: 'thaumcraft:models/item/scanner.mtl') is not currently supported, skipping
[22:42:11] [Client thread/WARN] [FML]: OBJModel.Parser: found a face ('f') with more than 4 vertices, only the first 4 of these vertices will be rendered!
[22:42:11] [Client thread/WARN] [FML]: OBJModel.Parser: found a face ('f') with more than 4 vertices, only the first 4 of these vertices will be rendered!
[22:42:11] [Client thread/WARN] [FML]: OBJModel.Parser: found a face ('f') with more than 4 vertices, only the first 4 of these vertices will be rendered!
[22:42:12] [Client thread/INFO] [FML]: Max texture size: 16384
[22:42:12] [Client thread/WARN] [net.minecraft.client.renderer.texture.TextureMap]: Texture tg:textures/blocks/spire.png with size 90x90 will have visual artifacts at mip level 4, it can only support level 1. Please report to the mod author that the texture should be some multiple of 16x16.
[22:42:12] [Client thread/WARN] [net.minecraft.client.renderer.texture.TextureMap]: Texture isorropia:textures/research/cat_rabbit.png with size 14x14 will have visual artifacts at mip level 4, it can only support level 1. Please report to the mod author that the texture should be some multiple of 16x16.
[22:42:13] [Client thread/WARN] [net.minecraft.client.renderer.texture.TextureMap]: Texture tg:textures/blocks/teleportator.png with size 114x114 will have visual artifacts at mip level 4, it can only support level 1. Please report to the mod author that the texture should be some multiple of 16x16.
[22:42:13] [Client thread/INFO] [net.minecraft.client.renderer.texture.TextureMap]: Created: 4096x2048 textures-atlas
[22:42:13] [Client thread/ERROR] [FML]: MultiModel minecraft:builtin/missing is empty (no base model or parts were provided/resolved)
[22:42:14] [Client thread/ERROR] [FML]: Exception loading model for variant thaumadditions:flux_concentrator#facing=down for blockstate "thaumadditions:flux_concentrator[facing=down]"
net.minecraftforge.client.model.ModelLoaderRegistry$LoaderException: Exception loading model thaumadditions:flux_concentrator#facing=down with loader VariantLoader.INSTANCE, skipping
	at net.minecraftforge.client.model.ModelLoaderRegistry.getModel(ModelLoaderRegistry.java:161) ~[ModelLoaderRegistry.class:?]
	at net.minecraftforge.client.model.ModelLoader.registerVariant(ModelLoader.java:235) ~[ModelLoader.class:?]
	at net.minecraft.client.renderer.block.model.ModelBakery.loadBlock(ModelBakery.java:153) ~[ModelBakery.class:?]
	at net.minecraftforge.client.model.ModelLoader.loadBlocks(ModelLoader.java:223) ~[ModelLoader.class:?]
	at net.minecraftforge.client.model.ModelLoader.setupModelRegistry(ModelLoader.java:150) ~[ModelLoader.class:?]
	at net.minecraft.client.renderer.block.model.ModelManager.onResourceManagerReload(ModelManager.java:28) [ModelManager.class:?]
	at net.minecraft.client.resources.SimpleReloadableResourceManager.registerReloadListener(SimpleReloadableResourceManager.java:121) [SimpleReloadableResourceManager.class:?]
	at net.minecraft.client.Minecraft.init(Minecraft.java:560) [Minecraft.class:?]
	at net.minecraft.client.Minecraft.run(Minecraft.java:422) [Minecraft.class:?]
	at net.minecraft.client.main.Main.main(Main.java:118) [Main.class:?]
	at sun.reflect.NativeMethodAccessorImpl.invoke0(Native Method) ~[?:1.8.0_412]
	at sun.reflect.NativeMethodAccessorImpl.invoke(NativeMethodAccessorImpl.java:62) ~[?:1.8.0_412]
	at sun.reflect.DelegatingMethodAccessorImpl.invoke(DelegatingMethodAccessorImpl.java:43) ~[?:1.8.0_412]
	at java.lang.reflect.Method.invoke(Method.java:498) ~[?:1.8.0_412]
	at net.minecraft.launchwrapper.Launch.launch(Launch.java:135) [launchwrapper-1.12.jar:?]
	at net.minecraft.launchwrapper.Launch.main(Launch.java:28) [launchwrapper-1.12.jar:?]
	at sun.reflect.NativeMethodAccessorImpl.invoke0(Native Method) ~[?:1.8.0_412]
	at sun.reflect.NativeMethodAccessorImpl.invoke(NativeMethodAccessorImpl.java:62) ~[?:1.8.0_412]
	at sun.reflect.DelegatingMethodAccessorImpl.invoke(DelegatingMethodAccessorImpl.java:43) ~[?:1.8.0_412]
	at java.lang.reflect.Method.invoke(Method.java:498) ~[?:1.8.0_412]
	at net.minecraftforge.gradle.GradleStartCommon.launch(GradleStartCommon.java:97) [start/:?]
	at GradleStart.main(GradleStart.java:25) [start/:?]
Caused by: net.minecraft.client.renderer.block.model.ModelBlockDefinition$MissingVariantException
	at net.minecraft.client.renderer.block.model.ModelBlockDefinition.getVariant(ModelBlockDefinition.java:83) ~[ModelBlockDefinition.class:?]
	at net.minecraftforge.client.model.ModelLoader$VariantLoader.loadModel(ModelLoader.java:1175) ~[ModelLoader$VariantLoader.class:?]
	at net.minecraftforge.client.model.ModelLoaderRegistry.getModel(ModelLoaderRegistry.java:157) ~[ModelLoaderRegistry.class:?]
	... 21 more
[22:42:14] [Client thread/ERROR] [FML]: Exception loading blockstate for the variant thaumadditions:flux_concentrator#facing=down: 
java.lang.Exception: Could not load model definition for variant thaumadditions:flux_concentrator
	at net.minecraftforge.client.model.ModelLoader.getModelBlockDefinition(ModelLoader.java:269) ~[ModelLoader.class:?]
	at net.minecraft.client.renderer.block.model.ModelBakery.loadBlock(ModelBakery.java:121) ~[ModelBakery.class:?]
	at net.minecraftforge.client.model.ModelLoader.loadBlocks(ModelLoader.java:223) ~[ModelLoader.class:?]
	at net.minecraftforge.client.model.ModelLoader.setupModelRegistry(ModelLoader.java:150) ~[ModelLoader.class:?]
	at net.minecraft.client.renderer.block.model.ModelManager.onResourceManagerReload(ModelManager.java:28) [ModelManager.class:?]
	at net.minecraft.client.resources.SimpleReloadableResourceManager.registerReloadListener(SimpleReloadableResourceManager.java:121) [SimpleReloadableResourceManager.class:?]
	at net.minecraft.client.Minecraft.init(Minecraft.java:560) [Minecraft.class:?]
	at net.minecraft.client.Minecraft.run(Minecraft.java:422) [Minecraft.class:?]
	at net.minecraft.client.main.Main.main(Main.java:118) [Main.class:?]
	at sun.reflect.NativeMethodAccessorImpl.invoke0(Native Method) ~[?:1.8.0_412]
	at sun.reflect.NativeMethodAccessorImpl.invoke(NativeMethodAccessorImpl.java:62) ~[?:1.8.0_412]
	at sun.reflect.DelegatingMethodAccessorImpl.invoke(DelegatingMethodAccessorImpl.java:43) ~[?:1.8.0_412]
	at java.lang.reflect.Method.invoke(Method.java:498) ~[?:1.8.0_412]
	at net.minecraft.launchwrapper.Launch.launch(Launch.java:135) [launchwrapper-1.12.jar:?]
	at net.minecraft.launchwrapper.Launch.main(Launch.java:28) [launchwrapper-1.12.jar:?]
	at sun.reflect.NativeMethodAccessorImpl.invoke0(Native Method) ~[?:1.8.0_412]
	at sun.reflect.NativeMethodAccessorImpl.invoke(NativeMethodAccessorImpl.java:62) ~[?:1.8.0_412]
	at sun.reflect.DelegatingMethodAccessorImpl.invoke(DelegatingMethodAccessorImpl.java:43) ~[?:1.8.0_412]
	at java.lang.reflect.Method.invoke(Method.java:498) ~[?:1.8.0_412]
	at net.minecraftforge.gradle.GradleStartCommon.launch(GradleStartCommon.java:97) [start/:?]
	at GradleStart.main(GradleStart.java:25) [start/:?]
Caused by: java.lang.RuntimeException: Encountered an exception when loading model definition of model thaumadditions:blockstates/flux_concentrator.json
	at net.minecraft.client.renderer.block.model.ModelBakery.loadMultipartMBD(ModelBakery.java:228) ~[ModelBakery.class:?]
	at net.minecraft.client.renderer.block.model.ModelBakery.getModelBlockDefinition(ModelBakery.java:208) ~[ModelBakery.class:?]
	at net.minecraftforge.client.model.ModelLoader.getModelBlockDefinition(ModelLoader.java:265) ~[ModelLoader.class:?]
	... 20 more
Caused by: java.io.FileNotFoundException: thaumadditions:blockstates/flux_concentrator.json
	at net.minecraft.client.resources.FallbackResourceManager.getAllResources(FallbackResourceManager.java:104) ~[FallbackResourceManager.class:?]
	at net.minecraft.client.resources.SimpleReloadableResourceManager.getAllResources(SimpleReloadableResourceManager.java:79) ~[SimpleReloadableResourceManager.class:?]
	at net.minecraft.client.renderer.block.model.ModelBakery.loadMultipartMBD(ModelBakery.java:221) ~[ModelBakery.class:?]
	at net.minecraft.client.renderer.block.model.ModelBakery.getModelBlockDefinition(ModelBakery.java:208) ~[ModelBakery.class:?]
	at net.minecraftforge.client.model.ModelLoader.getModelBlockDefinition(ModelLoader.java:265) ~[ModelLoader.class:?]
	... 20 more
[22:42:14] [Client thread/ERROR] [FML]: Exception loading model for variant thaumadditions:vis_seeds/terra#inventory for item "thaumadditions:vis_seeds/terra", normal location exception: 
net.minecraftforge.client.model.ModelLoaderRegistry$LoaderException: Exception loading model thaumadditions:item/vis_seeds/terra with loader VanillaLoader.INSTANCE, skipping
	at net.minecraftforge.client.model.ModelLoaderRegistry.getModel(ModelLoaderRegistry.java:161) ~[ModelLoaderRegistry.class:?]
	at net.minecraftforge.client.model.ModelLoader.loadItemModels(ModelLoader.java:302) ~[ModelLoader.class:?]
	at net.minecraft.client.renderer.block.model.ModelBakery.loadVariantItemModels(ModelBakery.java:175) ~[ModelBakery.class:?]
	at net.minecraftforge.client.model.ModelLoader.setupModelRegistry(ModelLoader.java:151) ~[ModelLoader.class:?]
	at net.minecraft.client.renderer.block.model.ModelManager.onResourceManagerReload(ModelManager.java:28) [ModelManager.class:?]
	at net.minecraft.client.resources.SimpleReloadableResourceManager.registerReloadListener(SimpleReloadableResourceManager.java:121) [SimpleReloadableResourceManager.class:?]
	at net.minecraft.client.Minecraft.init(Minecraft.java:560) [Minecraft.class:?]
	at net.minecraft.client.Minecraft.run(Minecraft.java:422) [Minecraft.class:?]
	at net.minecraft.client.main.Main.main(Main.java:118) [Main.class:?]
	at sun.reflect.NativeMethodAccessorImpl.invoke0(Native Method) ~[?:1.8.0_412]
	at sun.reflect.NativeMethodAccessorImpl.invoke(NativeMethodAccessorImpl.java:62) ~[?:1.8.0_412]
	at sun.reflect.DelegatingMethodAccessorImpl.invoke(DelegatingMethodAccessorImpl.java:43) ~[?:1.8.0_412]
	at java.lang.reflect.Method.invoke(Method.java:498) ~[?:1.8.0_412]
	at net.minecraft.launchwrapper.Launch.launch(Launch.java:135) [launchwrapper-1.12.jar:?]
	at net.minecraft.launchwrapper.Launch.main(Launch.java:28) [launchwrapper-1.12.jar:?]
	at sun.reflect.NativeMethodAccessorImpl.invoke0(Native Method) ~[?:1.8.0_412]
	at sun.reflect.NativeMethodAccessorImpl.invoke(NativeMethodAccessorImpl.java:62) ~[?:1.8.0_412]
	at sun.reflect.DelegatingMethodAccessorImpl.invoke(DelegatingMethodAccessorImpl.java:43) ~[?:1.8.0_412]
	at java.lang.reflect.Method.invoke(Method.java:498) ~[?:1.8.0_412]
	at net.minecraftforge.gradle.GradleStartCommon.launch(GradleStartCommon.java:97) [start/:?]
	at GradleStart.main(GradleStart.java:25) [start/:?]
Caused by: java.io.FileNotFoundException: thaumadditions:models/item/vis_seeds/terra.json
	at net.minecraft.client.resources.FallbackResourceManager.getResource(FallbackResourceManager.java:69) ~[FallbackResourceManager.class:?]
	at net.minecraft.client.resources.SimpleReloadableResourceManager.getResource(SimpleReloadableResourceManager.java:65) ~[SimpleReloadableResourceManager.class:?]
	at net.minecraft.client.renderer.block.model.ModelBakery.loadModel(ModelBakery.java:334) ~[ModelBakery.class:?]
	at net.minecraftforge.client.model.ModelLoader.access$1400(ModelLoader.java:115) ~[ModelLoader.class:?]
	at net.minecraftforge.client.model.ModelLoader$VanillaLoader.loadModel(ModelLoader.java:861) ~[ModelLoader$VanillaLoader.class:?]
	at net.minecraftforge.client.model.ModelLoaderRegistry.getModel(ModelLoaderRegistry.java:157) ~[ModelLoaderRegistry.class:?]
	... 20 more
[22:42:14] [Client thread/ERROR] [FML]: Exception loading model for variant thaumadditions:vis_seeds/terra#inventory for item "thaumadditions:vis_seeds/terra", blockstate location exception: 
net.minecraftforge.client.model.ModelLoaderRegistry$LoaderException: Exception loading model thaumadditions:vis_seeds/terra#inventory with loader VariantLoader.INSTANCE, skipping
	at net.minecraftforge.client.model.ModelLoaderRegistry.getModel(ModelLoaderRegistry.java:161) ~[ModelLoaderRegistry.class:?]
	at net.minecraftforge.client.model.ModelLoader.loadItemModels(ModelLoader.java:296) ~[ModelLoader.class:?]
	at net.minecraft.client.renderer.block.model.ModelBakery.loadVariantItemModels(ModelBakery.java:175) ~[ModelBakery.class:?]
	at net.minecraftforge.client.model.ModelLoader.setupModelRegistry(ModelLoader.java:151) ~[ModelLoader.class:?]
	at net.minecraft.client.renderer.block.model.ModelManager.onResourceManagerReload(ModelManager.java:28) [ModelManager.class:?]
	at net.minecraft.client.resources.SimpleReloadableResourceManager.registerReloadListener(SimpleReloadableResourceManager.java:121) [SimpleReloadableResourceManager.class:?]
	at net.minecraft.client.Minecraft.init(Minecraft.java:560) [Minecraft.class:?]
	at net.minecraft.client.Minecraft.run(Minecraft.java:422) [Minecraft.class:?]
	at net.minecraft.client.main.Main.main(Main.java:118) [Main.class:?]
	at sun.reflect.NativeMethodAccessorImpl.invoke0(Native Method) ~[?:1.8.0_412]
	at sun.reflect.NativeMethodAccessorImpl.invoke(NativeMethodAccessorImpl.java:62) ~[?:1.8.0_412]
	at sun.reflect.DelegatingMethodAccessorImpl.invoke(DelegatingMethodAccessorImpl.java:43) ~[?:1.8.0_412]
	at java.lang.reflect.Method.invoke(Method.java:498) ~[?:1.8.0_412]
	at net.minecraft.launchwrapper.Launch.launch(Launch.java:135) [launchwrapper-1.12.jar:?]
	at net.minecraft.launchwrapper.Launch.main(Launch.java:28) [launchwrapper-1.12.jar:?]
	at sun.reflect.NativeMethodAccessorImpl.invoke0(Native Method) ~[?:1.8.0_412]
	at sun.reflect.NativeMethodAccessorImpl.invoke(NativeMethodAccessorImpl.java:62) ~[?:1.8.0_412]
	at sun.reflect.DelegatingMethodAccessorImpl.invoke(DelegatingMethodAccessorImpl.java:43) ~[?:1.8.0_412]
	at java.lang.reflect.Method.invoke(Method.java:498) ~[?:1.8.0_412]
	at net.minecraftforge.gradle.GradleStartCommon.launch(GradleStartCommon.java:97) [start/:?]
	at GradleStart.main(GradleStart.java:25) [start/:?]
Caused by: net.minecraft.client.renderer.block.model.ModelBlockDefinition$MissingVariantException
	at net.minecraft.client.renderer.block.model.ModelBlockDefinition.getVariant(ModelBlockDefinition.java:83) ~[ModelBlockDefinition.class:?]
	at net.minecraftforge.client.model.ModelLoader$VariantLoader.loadModel(ModelLoader.java:1175) ~[ModelLoader$VariantLoader.class:?]
	at net.minecraftforge.client.model.ModelLoaderRegistry.getModel(ModelLoaderRegistry.java:157) ~[ModelLoaderRegistry.class:?]
	... 20 more
[22:42:14] [Client thread/ERROR] [FML]: Exception loading model for variant thaumadditions:vis_crop/imperium#age=0 for blockstate "thaumadditions:vis_crop/imperium[age=0]"
net.minecraftforge.client.model.ModelLoaderRegistry$LoaderException: Exception loading model thaumadditions:vis_crop/imperium#age=0 with loader VariantLoader.INSTANCE, skipping
	at net.minecraftforge.client.model.ModelLoaderRegistry.getModel(ModelLoaderRegistry.java:161) ~[ModelLoaderRegistry.class:?]
	at net.minecraftforge.client.model.ModelLoader.registerVariant(ModelLoader.java:235) ~[ModelLoader.class:?]
	at net.minecraft.client.renderer.block.model.ModelBakery.loadBlock(ModelBakery.java:153) ~[ModelBakery.class:?]
	at net.minecraftforge.client.model.ModelLoader.loadBlocks(ModelLoader.java:223) ~[ModelLoader.class:?]
	at net.minecraftforge.client.model.ModelLoader.setupModelRegistry(ModelLoader.java:150) ~[ModelLoader.class:?]
	at net.minecraft.client.renderer.block.model.ModelManager.onResourceManagerReload(ModelManager.java:28) [ModelManager.class:?]
	at net.minecraft.client.resources.SimpleReloadableResourceManager.registerReloadListener(SimpleReloadableResourceManager.java:121) [SimpleReloadableResourceManager.class:?]
	at net.minecraft.client.Minecraft.init(Minecraft.java:560) [Minecraft.class:?]
	at net.minecraft.client.Minecraft.run(Minecraft.java:422) [Minecraft.class:?]
	at net.minecraft.client.main.Main.main(Main.java:118) [Main.class:?]
	at sun.reflect.NativeMethodAccessorImpl.invoke0(Native Method) ~[?:1.8.0_412]
	at sun.reflect.NativeMethodAccessorImpl.invoke(NativeMethodAccessorImpl.java:62) ~[?:1.8.0_412]
	at sun.reflect.DelegatingMethodAccessorImpl.invoke(DelegatingMethodAccessorImpl.java:43) ~[?:1.8.0_412]
	at java.lang.reflect.Method.invoke(Method.java:498) ~[?:1.8.0_412]
	at net.minecraft.launchwrapper.Launch.launch(Launch.java:135) [launchwrapper-1.12.jar:?]
	at net.minecraft.launchwrapper.Launch.main(Launch.java:28) [launchwrapper-1.12.jar:?]
	at sun.reflect.NativeMethodAccessorImpl.invoke0(Native Method) ~[?:1.8.0_412]
	at sun.reflect.NativeMethodAccessorImpl.invoke(NativeMethodAccessorImpl.java:62) ~[?:1.8.0_412]
	at sun.reflect.DelegatingMethodAccessorImpl.invoke(DelegatingMethodAccessorImpl.java:43) ~[?:1.8.0_412]
	at java.lang.reflect.Method.invoke(Method.java:498) ~[?:1.8.0_412]
	at net.minecraftforge.gradle.GradleStartCommon.launch(GradleStartCommon.java:97) [start/:?]
	at GradleStart.main(GradleStart.java:25) [start/:?]
Caused by: net.minecraft.client.renderer.block.model.ModelBlockDefinition$MissingVariantException
	at net.minecraft.client.renderer.block.model.ModelBlockDefinition.getVariant(ModelBlockDefinition.java:83) ~[ModelBlockDefinition.class:?]
	at net.minecraftforge.client.model.ModelLoader$VariantLoader.loadModel(ModelLoader.java:1175) ~[ModelLoader$VariantLoader.class:?]
	at net.minecraftforge.client.model.ModelLoaderRegistry.getModel(ModelLoaderRegistry.java:157) ~[ModelLoaderRegistry.class:?]
	... 21 more
[22:42:14] [Client thread/ERROR] [FML]: Exception loading blockstate for the variant thaumadditions:vis_crop/imperium#age=0: 
java.lang.Exception: Could not load model definition for variant thaumadditions:vis_crop/imperium
	at net.minecraftforge.client.model.ModelLoader.getModelBlockDefinition(ModelLoader.java:269) ~[ModelLoader.class:?]
	at net.minecraft.client.renderer.block.model.ModelBakery.loadBlock(ModelBakery.java:121) ~[ModelBakery.class:?]
	at net.minecraftforge.client.model.ModelLoader.loadBlocks(ModelLoader.java:223) ~[ModelLoader.class:?]
	at net.minecraftforge.client.model.ModelLoader.setupModelRegistry(ModelLoader.java:150) ~[ModelLoader.class:?]
	at net.minecraft.client.renderer.block.model.ModelManager.onResourceManagerReload(ModelManager.java:28) [ModelManager.class:?]
	at net.minecraft.client.resources.SimpleReloadableResourceManager.registerReloadListener(SimpleReloadableResourceManager.java:121) [SimpleReloadableResourceManager.class:?]
	at net.minecraft.client.Minecraft.init(Minecraft.java:560) [Minecraft.class:?]
	at net.minecraft.client.Minecraft.run(Minecraft.java:422) [Minecraft.class:?]
	at net.minecraft.client.main.Main.main(Main.java:118) [Main.class:?]
	at sun.reflect.NativeMethodAccessorImpl.invoke0(Native Method) ~[?:1.8.0_412]
	at sun.reflect.NativeMethodAccessorImpl.invoke(NativeMethodAccessorImpl.java:62) ~[?:1.8.0_412]
	at sun.reflect.DelegatingMethodAccessorImpl.invoke(DelegatingMethodAccessorImpl.java:43) ~[?:1.8.0_412]
	at java.lang.reflect.Method.invoke(Method.java:498) ~[?:1.8.0_412]
	at net.minecraft.launchwrapper.Launch.launch(Launch.java:135) [launchwrapper-1.12.jar:?]
	at net.minecraft.launchwrapper.Launch.main(Launch.java:28) [launchwrapper-1.12.jar:?]
	at sun.reflect.NativeMethodAccessorImpl.invoke0(Native Method) ~[?:1.8.0_412]
	at sun.reflect.NativeMethodAccessorImpl.invoke(NativeMethodAccessorImpl.java:62) ~[?:1.8.0_412]
	at sun.reflect.DelegatingMethodAccessorImpl.invoke(DelegatingMethodAccessorImpl.java:43) ~[?:1.8.0_412]
	at java.lang.reflect.Method.invoke(Method.java:498) ~[?:1.8.0_412]
	at net.minecraftforge.gradle.GradleStartCommon.launch(GradleStartCommon.java:97) [start/:?]
	at GradleStart.main(GradleStart.java:25) [start/:?]
Caused by: java.lang.RuntimeException: Encountered an exception when loading model definition of model thaumadditions:blockstates/vis_crop/imperium.json
	at net.minecraft.client.renderer.block.model.ModelBakery.loadMultipartMBD(ModelBakery.java:228) ~[ModelBakery.class:?]
	at net.minecraft.client.renderer.block.model.ModelBakery.getModelBlockDefinition(ModelBakery.java:208) ~[ModelBakery.class:?]
	at net.minecraftforge.client.model.ModelLoader.getModelBlockDefinition(ModelLoader.java:265) ~[ModelLoader.class:?]
	... 20 more
Caused by: java.io.FileNotFoundException: thaumadditions:blockstates/vis_crop/imperium.json
	at net.minecraft.client.resources.FallbackResourceManager.getAllResources(FallbackResourceManager.java:104) ~[FallbackResourceManager.class:?]
	at net.minecraft.client.resources.SimpleReloadableResourceManager.getAllResources(SimpleReloadableResourceManager.java:79) ~[SimpleReloadableResourceManager.class:?]
	at net.minecraft.client.renderer.block.model.ModelBakery.loadMultipartMBD(ModelBakery.java:221) ~[ModelBakery.class:?]
	at net.minecraft.client.renderer.block.model.ModelBakery.getModelBlockDefinition(ModelBakery.java:208) ~[ModelBakery.class:?]
	at net.minecraftforge.client.model.ModelLoader.getModelBlockDefinition(ModelLoader.java:265) ~[ModelLoader.class:?]
	... 20 more
[22:42:14] [Client thread/ERROR] [FML]: Exception loading model for variant thaumadditions:vis_crop/imperium#age=1 for blockstate "thaumadditions:vis_crop/imperium[age=1]"
net.minecraftforge.client.model.ModelLoaderRegistry$LoaderException: Exception loading model thaumadditions:vis_crop/imperium#age=1 with loader VariantLoader.INSTANCE, skipping
	at net.minecraftforge.client.model.ModelLoaderRegistry.getModel(ModelLoaderRegistry.java:161) ~[ModelLoaderRegistry.class:?]
	at net.minecraftforge.client.model.ModelLoader.registerVariant(ModelLoader.java:235) ~[ModelLoader.class:?]
	at net.minecraft.client.renderer.block.model.ModelBakery.loadBlock(ModelBakery.java:153) ~[ModelBakery.class:?]
	at net.minecraftforge.client.model.ModelLoader.loadBlocks(ModelLoader.java:223) ~[ModelLoader.class:?]
	at net.minecraftforge.client.model.ModelLoader.setupModelRegistry(ModelLoader.java:150) ~[ModelLoader.class:?]
	at net.minecraft.client.renderer.block.model.ModelManager.onResourceManagerReload(ModelManager.java:28) [ModelManager.class:?]
	at net.minecraft.client.resources.SimpleReloadableResourceManager.registerReloadListener(SimpleReloadableResourceManager.java:121) [SimpleReloadableResourceManager.class:?]
	at net.minecraft.client.Minecraft.init(Minecraft.java:560) [Minecraft.class:?]
	at net.minecraft.client.Minecraft.run(Minecraft.java:422) [Minecraft.class:?]
	at net.minecraft.client.main.Main.main(Main.java:118) [Main.class:?]
	at sun.reflect.NativeMethodAccessorImpl.invoke0(Native Method) ~[?:1.8.0_412]
	at sun.reflect.NativeMethodAccessorImpl.invoke(NativeMethodAccessorImpl.java:62) ~[?:1.8.0_412]
	at sun.reflect.DelegatingMethodAccessorImpl.invoke(DelegatingMethodAccessorImpl.java:43) ~[?:1.8.0_412]
	at java.lang.reflect.Method.invoke(Method.java:498) ~[?:1.8.0_412]
	at net.minecraft.launchwrapper.Launch.launch(Launch.java:135) [launchwrapper-1.12.jar:?]
	at net.minecraft.launchwrapper.Launch.main(Launch.java:28) [launchwrapper-1.12.jar:?]
	at sun.reflect.NativeMethodAccessorImpl.invoke0(Native Method) ~[?:1.8.0_412]
	at sun.reflect.NativeMethodAccessorImpl.invoke(NativeMethodAccessorImpl.java:62) ~[?:1.8.0_412]
	at sun.reflect.DelegatingMethodAccessorImpl.invoke(DelegatingMethodAccessorImpl.java:43) ~[?:1.8.0_412]
	at java.lang.reflect.Method.invoke(Method.java:498) ~[?:1.8.0_412]
	at net.minecraftforge.gradle.GradleStartCommon.launch(GradleStartCommon.java:97) [start/:?]
	at GradleStart.main(GradleStart.java:25) [start/:?]
Caused by: net.minecraft.client.renderer.block.model.ModelBlockDefinition$MissingVariantException
	at net.minecraft.client.renderer.block.model.ModelBlockDefinition.getVariant(ModelBlockDefinition.java:83) ~[ModelBlockDefinition.class:?]
	at net.minecraftforge.client.model.ModelLoader$VariantLoader.loadModel(ModelLoader.java:1175) ~[ModelLoader$VariantLoader.class:?]
	at net.minecraftforge.client.model.ModelLoaderRegistry.getModel(ModelLoaderRegistry.java:157) ~[ModelLoaderRegistry.class:?]
	... 21 more
[22:42:14] [Client thread/ERROR] [FML]: Exception loading model for variant thaumictinkerer:nitor_vapor#variant=1 for blockstate "thaumictinkerer:nitor_vapor[variant=1]"
net.minecraftforge.client.model.ModelLoaderRegistry$LoaderException: Exception loading model thaumictinkerer:nitor_vapor#variant=1 with loader VariantLoader.INSTANCE, skipping
	at net.minecraftforge.client.model.ModelLoaderRegistry.getModel(ModelLoaderRegistry.java:161) ~[ModelLoaderRegistry.class:?]
	at net.minecraftforge.client.model.ModelLoader.registerVariant(ModelLoader.java:235) ~[ModelLoader.class:?]
	at net.minecraft.client.renderer.block.model.ModelBakery.loadBlock(ModelBakery.java:153) ~[ModelBakery.class:?]
	at net.minecraftforge.client.model.ModelLoader.loadBlocks(ModelLoader.java:223) ~[ModelLoader.class:?]
	at net.minecraftforge.client.model.ModelLoader.setupModelRegistry(ModelLoader.java:150) ~[ModelLoader.class:?]
	at net.minecraft.client.renderer.block.model.ModelManager.onResourceManagerReload(ModelManager.java:28) [ModelManager.class:?]
	at net.minecraft.client.resources.SimpleReloadableResourceManager.registerReloadListener(SimpleReloadableResourceManager.java:121) [SimpleReloadableResourceManager.class:?]
	at net.minecraft.client.Minecraft.init(Minecraft.java:560) [Minecraft.class:?]
	at net.minecraft.client.Minecraft.run(Minecraft.java:422) [Minecraft.class:?]
	at net.minecraft.client.main.Main.main(Main.java:118) [Main.class:?]
	at sun.reflect.NativeMethodAccessorImpl.invoke0(Native Method) ~[?:1.8.0_412]
	at sun.reflect.NativeMethodAccessorImpl.invoke(NativeMethodAccessorImpl.java:62) ~[?:1.8.0_412]
	at sun.reflect.DelegatingMethodAccessorImpl.invoke(DelegatingMethodAccessorImpl.java:43) ~[?:1.8.0_412]
	at java.lang.reflect.Method.invoke(Method.java:498) ~[?:1.8.0_412]
	at net.minecraft.launchwrapper.Launch.launch(Launch.java:135) [launchwrapper-1.12.jar:?]
	at net.minecraft.launchwrapper.Launch.main(Launch.java:28) [launchwrapper-1.12.jar:?]
	at sun.reflect.NativeMethodAccessorImpl.invoke0(Native Method) ~[?:1.8.0_412]
	at sun.reflect.NativeMethodAccessorImpl.invoke(NativeMethodAccessorImpl.java:62) ~[?:1.8.0_412]
	at sun.reflect.DelegatingMethodAccessorImpl.invoke(DelegatingMethodAccessorImpl.java:43) ~[?:1.8.0_412]
	at java.lang.reflect.Method.invoke(Method.java:498) ~[?:1.8.0_412]
	at net.minecraftforge.gradle.GradleStartCommon.launch(GradleStartCommon.java:97) [start/:?]
	at GradleStart.main(GradleStart.java:25) [start/:?]
Caused by: net.minecraft.client.renderer.block.model.ModelBlockDefinition$MissingVariantException
	at net.minecraft.client.renderer.block.model.ModelBlockDefinition.getVariant(ModelBlockDefinition.java:83) ~[ModelBlockDefinition.class:?]
	at net.minecraftforge.client.model.ModelLoader$VariantLoader.loadModel(ModelLoader.java:1175) ~[ModelLoader$VariantLoader.class:?]
	at net.minecraftforge.client.model.ModelLoaderRegistry.getModel(ModelLoaderRegistry.java:157) ~[ModelLoaderRegistry.class:?]
	... 21 more
[22:42:14] [Client thread/ERROR] [FML]: Exception loading model for variant thaumictinkerer:shadow_gas#variant=4 for blockstate "thaumictinkerer:shadow_gas[variant=4]"
net.minecraftforge.client.model.ModelLoaderRegistry$LoaderException: Exception loading model thaumictinkerer:shadow_gas#variant=4 with loader VariantLoader.INSTANCE, skipping
	at net.minecraftforge.client.model.ModelLoaderRegistry.getModel(ModelLoaderRegistry.java:161) ~[ModelLoaderRegistry.class:?]
	at net.minecraftforge.client.model.ModelLoader.registerVariant(ModelLoader.java:235) ~[ModelLoader.class:?]
	at net.minecraft.client.renderer.block.model.ModelBakery.loadBlock(ModelBakery.java:153) ~[ModelBakery.class:?]
	at net.minecraftforge.client.model.ModelLoader.loadBlocks(ModelLoader.java:223) ~[ModelLoader.class:?]
	at net.minecraftforge.client.model.ModelLoader.setupModelRegistry(ModelLoader.java:150) ~[ModelLoader.class:?]
	at net.minecraft.client.renderer.block.model.ModelManager.onResourceManagerReload(ModelManager.java:28) [ModelManager.class:?]
	at net.minecraft.client.resources.SimpleReloadableResourceManager.registerReloadListener(SimpleReloadableResourceManager.java:121) [SimpleReloadableResourceManager.class:?]
	at net.minecraft.client.Minecraft.init(Minecraft.java:560) [Minecraft.class:?]
	at net.minecraft.client.Minecraft.run(Minecraft.java:422) [Minecraft.class:?]
	at net.minecraft.client.main.Main.main(Main.java:118) [Main.class:?]
	at sun.reflect.NativeMethodAccessorImpl.invoke0(Native Method) ~[?:1.8.0_412]
	at sun.reflect.NativeMethodAccessorImpl.invoke(NativeMethodAccessorImpl.java:62) ~[?:1.8.0_412]
	at sun.reflect.DelegatingMethodAccessorImpl.invoke(DelegatingMethodAccessorImpl.java:43) ~[?:1.8.0_412]
	at java.lang.reflect.Method.invoke(Method.java:498) ~[?:1.8.0_412]
	at net.minecraft.launchwrapper.Launch.launch(Launch.java:135) [launchwrapper-1.12.jar:?]
	at net.minecraft.launchwrapper.Launch.main(Launch.java:28) [launchwrapper-1.12.jar:?]
	at sun.reflect.NativeMethodAccessorImpl.invoke0(Native Method) ~[?:1.8.0_412]
	at sun.reflect.NativeMethodAccessorImpl.invoke(NativeMethodAccessorImpl.java:62) ~[?:1.8.0_412]
	at sun.reflect.DelegatingMethodAccessorImpl.invoke(DelegatingMethodAccessorImpl.java:43) ~[?:1.8.0_412]
	at java.lang.reflect.Method.invoke(Method.java:498) ~[?:1.8.0_412]
	at net.minecraftforge.gradle.GradleStartCommon.launch(GradleStartCommon.java:97) [start/:?]
	at GradleStart.main(GradleStart.java:25) [start/:?]
Caused by: net.minecraft.client.renderer.block.model.ModelBlockDefinition$MissingVariantException
	at net.minecraft.client.renderer.block.model.ModelBlockDefinition.getVariant(ModelBlockDefinition.java:83) ~[ModelBlockDefinition.class:?]
	at net.minecraftforge.client.model.ModelLoader$VariantLoader.loadModel(ModelLoader.java:1175) ~[ModelLoader$VariantLoader.class:?]
	at net.minecraftforge.client.model.ModelLoaderRegistry.getModel(ModelLoaderRegistry.java:157) ~[ModelLoaderRegistry.class:?]
	... 21 more
[22:42:14] [Client thread/ERROR] [FML]: Exception loading model for variant thaumictinkerer:nitor_vapor#variant=0 for blockstate "thaumictinkerer:nitor_vapor[variant=0]"
net.minecraftforge.client.model.ModelLoaderRegistry$LoaderException: Exception loading model thaumictinkerer:nitor_vapor#variant=0 with loader VariantLoader.INSTANCE, skipping
	at net.minecraftforge.client.model.ModelLoaderRegistry.getModel(ModelLoaderRegistry.java:161) ~[ModelLoaderRegistry.class:?]
	at net.minecraftforge.client.model.ModelLoader.registerVariant(ModelLoader.java:235) ~[ModelLoader.class:?]
	at net.minecraft.client.renderer.block.model.ModelBakery.loadBlock(ModelBakery.java:153) ~[ModelBakery.class:?]
	at net.minecraftforge.client.model.ModelLoader.loadBlocks(ModelLoader.java:223) ~[ModelLoader.class:?]
	at net.minecraftforge.client.model.ModelLoader.setupModelRegistry(ModelLoader.java:150) ~[ModelLoader.class:?]
	at net.minecraft.client.renderer.block.model.ModelManager.onResourceManagerReload(ModelManager.java:28) [ModelManager.class:?]
	at net.minecraft.client.resources.SimpleReloadableResourceManager.registerReloadListener(SimpleReloadableResourceManager.java:121) [SimpleReloadableResourceManager.class:?]
	at net.minecraft.client.Minecraft.init(Minecraft.java:560) [Minecraft.class:?]
	at net.minecraft.client.Minecraft.run(Minecraft.java:422) [Minecraft.class:?]
	at net.minecraft.client.main.Main.main(Main.java:118) [Main.class:?]
	at sun.reflect.NativeMethodAccessorImpl.invoke0(Native Method) ~[?:1.8.0_412]
	at sun.reflect.NativeMethodAccessorImpl.invoke(NativeMethodAccessorImpl.java:62) ~[?:1.8.0_412]
	at sun.reflect.DelegatingMethodAccessorImpl.invoke(DelegatingMethodAccessorImpl.java:43) ~[?:1.8.0_412]
	at java.lang.reflect.Method.invoke(Method.java:498) ~[?:1.8.0_412]
	at net.minecraft.launchwrapper.Launch.launch(Launch.java:135) [launchwrapper-1.12.jar:?]
	at net.minecraft.launchwrapper.Launch.main(Launch.java:28) [launchwrapper-1.12.jar:?]
	at sun.reflect.NativeMethodAccessorImpl.invoke0(Native Method) ~[?:1.8.0_412]
	at sun.reflect.NativeMethodAccessorImpl.invoke(NativeMethodAccessorImpl.java:62) ~[?:1.8.0_412]
	at sun.reflect.DelegatingMethodAccessorImpl.invoke(DelegatingMethodAccessorImpl.java:43) ~[?:1.8.0_412]
	at java.lang.reflect.Method.invoke(Method.java:498) ~[?:1.8.0_412]
	at net.minecraftforge.gradle.GradleStartCommon.launch(GradleStartCommon.java:97) [start/:?]
	at GradleStart.main(GradleStart.java:25) [start/:?]
Caused by: net.minecraft.client.renderer.block.model.ModelBlockDefinition$MissingVariantException
	at net.minecraft.client.renderer.block.model.ModelBlockDefinition.getVariant(ModelBlockDefinition.java:83) ~[ModelBlockDefinition.class:?]
	at net.minecraftforge.client.model.ModelLoader$VariantLoader.loadModel(ModelLoader.java:1175) ~[ModelLoader$VariantLoader.class:?]
	at net.minecraftforge.client.model.ModelLoaderRegistry.getModel(ModelLoaderRegistry.java:157) ~[ModelLoaderRegistry.class:?]
	... 21 more
[22:42:14] [Client thread/ERROR] [FML]: Exception loading model for variant thaumictinkerer:shadow_gas#variant=3 for blockstate "thaumictinkerer:shadow_gas[variant=3]"
net.minecraftforge.client.model.ModelLoaderRegistry$LoaderException: Exception loading model thaumictinkerer:shadow_gas#variant=3 with loader VariantLoader.INSTANCE, skipping
	at net.minecraftforge.client.model.ModelLoaderRegistry.getModel(ModelLoaderRegistry.java:161) ~[ModelLoaderRegistry.class:?]
	at net.minecraftforge.client.model.ModelLoader.registerVariant(ModelLoader.java:235) ~[ModelLoader.class:?]
	at net.minecraft.client.renderer.block.model.ModelBakery.loadBlock(ModelBakery.java:153) ~[ModelBakery.class:?]
	at net.minecraftforge.client.model.ModelLoader.loadBlocks(ModelLoader.java:223) ~[ModelLoader.class:?]
	at net.minecraftforge.client.model.ModelLoader.setupModelRegistry(ModelLoader.java:150) ~[ModelLoader.class:?]
	at net.minecraft.client.renderer.block.model.ModelManager.onResourceManagerReload(ModelManager.java:28) [ModelManager.class:?]
	at net.minecraft.client.resources.SimpleReloadableResourceManager.registerReloadListener(SimpleReloadableResourceManager.java:121) [SimpleReloadableResourceManager.class:?]
	at net.minecraft.client.Minecraft.init(Minecraft.java:560) [Minecraft.class:?]
	at net.minecraft.client.Minecraft.run(Minecraft.java:422) [Minecraft.class:?]
	at net.minecraft.client.main.Main.main(Main.java:118) [Main.class:?]
	at sun.reflect.NativeMethodAccessorImpl.invoke0(Native Method) ~[?:1.8.0_412]
	at sun.reflect.NativeMethodAccessorImpl.invoke(NativeMethodAccessorImpl.java:62) ~[?:1.8.0_412]
	at sun.reflect.DelegatingMethodAccessorImpl.invoke(DelegatingMethodAccessorImpl.java:43) ~[?:1.8.0_412]
	at java.lang.reflect.Method.invoke(Method.java:498) ~[?:1.8.0_412]
	at net.minecraft.launchwrapper.Launch.launch(Launch.java:135) [launchwrapper-1.12.jar:?]
	at net.minecraft.launchwrapper.Launch.main(Launch.java:28) [launchwrapper-1.12.jar:?]
	at sun.reflect.NativeMethodAccessorImpl.invoke0(Native Method) ~[?:1.8.0_412]
	at sun.reflect.NativeMethodAccessorImpl.invoke(NativeMethodAccessorImpl.java:62) ~[?:1.8.0_412]
	at sun.reflect.DelegatingMethodAccessorImpl.invoke(DelegatingMethodAccessorImpl.java:43) ~[?:1.8.0_412]
	at java.lang.reflect.Method.invoke(Method.java:498) ~[?:1.8.0_412]
	at net.minecraftforge.gradle.GradleStartCommon.launch(GradleStartCommon.java:97) [start/:?]
	at GradleStart.main(GradleStart.java:25) [start/:?]
Caused by: net.minecraft.client.renderer.block.model.ModelBlockDefinition$MissingVariantException
	at net.minecraft.client.renderer.block.model.ModelBlockDefinition.getVariant(ModelBlockDefinition.java:83) ~[ModelBlockDefinition.class:?]
	at net.minecraftforge.client.model.ModelLoader$VariantLoader.loadModel(ModelLoader.java:1175) ~[ModelLoader$VariantLoader.class:?]
	at net.minecraftforge.client.model.ModelLoaderRegistry.getModel(ModelLoaderRegistry.java:157) ~[ModelLoaderRegistry.class:?]
	... 21 more
[22:42:14] [Client thread/ERROR] [FML]: Exception loading model for variant tg:stab_2_ph#inventory for item "tg:stab_2_ph", normal location exception: 
net.minecraftforge.client.model.ModelLoaderRegistry$LoaderException: Exception loading model tg:item/stab_2_ph with loader VanillaLoader.INSTANCE, skipping
	at net.minecraftforge.client.model.ModelLoaderRegistry.getModel(ModelLoaderRegistry.java:161) ~[ModelLoaderRegistry.class:?]
	at net.minecraftforge.client.model.ModelLoader.loadItemModels(ModelLoader.java:302) ~[ModelLoader.class:?]
	at net.minecraft.client.renderer.block.model.ModelBakery.loadVariantItemModels(ModelBakery.java:175) ~[ModelBakery.class:?]
	at net.minecraftforge.client.model.ModelLoader.setupModelRegistry(ModelLoader.java:151) ~[ModelLoader.class:?]
	at net.minecraft.client.renderer.block.model.ModelManager.onResourceManagerReload(ModelManager.java:28) [ModelManager.class:?]
	at net.minecraft.client.resources.SimpleReloadableResourceManager.registerReloadListener(SimpleReloadableResourceManager.java:121) [SimpleReloadableResourceManager.class:?]
	at net.minecraft.client.Minecraft.init(Minecraft.java:560) [Minecraft.class:?]
	at net.minecraft.client.Minecraft.run(Minecraft.java:422) [Minecraft.class:?]
	at net.minecraft.client.main.Main.main(Main.java:118) [Main.class:?]
	at sun.reflect.NativeMethodAccessorImpl.invoke0(Native Method) ~[?:1.8.0_412]
	at sun.reflect.NativeMethodAccessorImpl.invoke(NativeMethodAccessorImpl.java:62) ~[?:1.8.0_412]
	at sun.reflect.DelegatingMethodAccessorImpl.invoke(DelegatingMethodAccessorImpl.java:43) ~[?:1.8.0_412]
	at java.lang.reflect.Method.invoke(Method.java:498) ~[?:1.8.0_412]
	at net.minecraft.launchwrapper.Launch.launch(Launch.java:135) [launchwrapper-1.12.jar:?]
	at net.minecraft.launchwrapper.Launch.main(Launch.java:28) [launchwrapper-1.12.jar:?]
	at sun.reflect.NativeMethodAccessorImpl.invoke0(Native Method) ~[?:1.8.0_412]
	at sun.reflect.NativeMethodAccessorImpl.invoke(NativeMethodAccessorImpl.java:62) ~[?:1.8.0_412]
	at sun.reflect.DelegatingMethodAccessorImpl.invoke(DelegatingMethodAccessorImpl.java:43) ~[?:1.8.0_412]
	at java.lang.reflect.Method.invoke(Method.java:498) ~[?:1.8.0_412]
	at net.minecraftforge.gradle.GradleStartCommon.launch(GradleStartCommon.java:97) [start/:?]
	at GradleStart.main(GradleStart.java:25) [start/:?]
Caused by: java.io.FileNotFoundException: tg:models/item/stab_2_ph.json
	at net.minecraft.client.resources.FallbackResourceManager.getResource(FallbackResourceManager.java:69) ~[FallbackResourceManager.class:?]
	at net.minecraft.client.resources.SimpleReloadableResourceManager.getResource(SimpleReloadableResourceManager.java:65) ~[SimpleReloadableResourceManager.class:?]
	at net.minecraft.client.renderer.block.model.ModelBakery.loadModel(ModelBakery.java:334) ~[ModelBakery.class:?]
	at net.minecraftforge.client.model.ModelLoader.access$1400(ModelLoader.java:115) ~[ModelLoader.class:?]
	at net.minecraftforge.client.model.ModelLoader$VanillaLoader.loadModel(ModelLoader.java:861) ~[ModelLoader$VanillaLoader.class:?]
	at net.minecraftforge.client.model.ModelLoaderRegistry.getModel(ModelLoaderRegistry.java:157) ~[ModelLoaderRegistry.class:?]
	... 20 more
[22:42:14] [Client thread/ERROR] [FML]: Exception loading model for variant tg:stab_2_ph#inventory for item "tg:stab_2_ph", blockstate location exception: 
net.minecraftforge.client.model.ModelLoaderRegistry$LoaderException: Exception loading model tg:stab_2_ph#inventory with loader VariantLoader.INSTANCE, skipping
	at net.minecraftforge.client.model.ModelLoaderRegistry.getModel(ModelLoaderRegistry.java:161) ~[ModelLoaderRegistry.class:?]
	at net.minecraftforge.client.model.ModelLoader.loadItemModels(ModelLoader.java:296) ~[ModelLoader.class:?]
	at net.minecraft.client.renderer.block.model.ModelBakery.loadVariantItemModels(ModelBakery.java:175) ~[ModelBakery.class:?]
	at net.minecraftforge.client.model.ModelLoader.setupModelRegistry(ModelLoader.java:151) ~[ModelLoader.class:?]
	at net.minecraft.client.renderer.block.model.ModelManager.onResourceManagerReload(ModelManager.java:28) [ModelManager.class:?]
	at net.minecraft.client.resources.SimpleReloadableResourceManager.registerReloadListener(SimpleReloadableResourceManager.java:121) [SimpleReloadableResourceManager.class:?]
	at net.minecraft.client.Minecraft.init(Minecraft.java:560) [Minecraft.class:?]
	at net.minecraft.client.Minecraft.run(Minecraft.java:422) [Minecraft.class:?]
	at net.minecraft.client.main.Main.main(Main.java:118) [Main.class:?]
	at sun.reflect.NativeMethodAccessorImpl.invoke0(Native Method) ~[?:1.8.0_412]
	at sun.reflect.NativeMethodAccessorImpl.invoke(NativeMethodAccessorImpl.java:62) ~[?:1.8.0_412]
	at sun.reflect.DelegatingMethodAccessorImpl.invoke(DelegatingMethodAccessorImpl.java:43) ~[?:1.8.0_412]
	at java.lang.reflect.Method.invoke(Method.java:498) ~[?:1.8.0_412]
	at net.minecraft.launchwrapper.Launch.launch(Launch.java:135) [launchwrapper-1.12.jar:?]
	at net.minecraft.launchwrapper.Launch.main(Launch.java:28) [launchwrapper-1.12.jar:?]
	at sun.reflect.NativeMethodAccessorImpl.invoke0(Native Method) ~[?:1.8.0_412]
	at sun.reflect.NativeMethodAccessorImpl.invoke(NativeMethodAccessorImpl.java:62) ~[?:1.8.0_412]
	at sun.reflect.DelegatingMethodAccessorImpl.invoke(DelegatingMethodAccessorImpl.java:43) ~[?:1.8.0_412]
	at java.lang.reflect.Method.invoke(Method.java:498) ~[?:1.8.0_412]
	at net.minecraftforge.gradle.GradleStartCommon.launch(GradleStartCommon.java:97) [start/:?]
	at GradleStart.main(GradleStart.java:25) [start/:?]
Caused by: net.minecraft.client.renderer.block.model.ModelBlockDefinition$MissingVariantException
	at net.minecraft.client.renderer.block.model.ModelBlockDefinition.getVariant(ModelBlockDefinition.java:83) ~[ModelBlockDefinition.class:?]
	at net.minecraftforge.client.model.ModelLoader$VariantLoader.loadModel(ModelLoader.java:1175) ~[ModelLoader$VariantLoader.class:?]
	at net.minecraftforge.client.model.ModelLoaderRegistry.getModel(ModelLoaderRegistry.java:157) ~[ModelLoaderRegistry.class:?]
	... 20 more
[22:42:14] [Client thread/ERROR] [FML]: Exception loading model for variant tg:nether_bricks_ph#normal for blockstate "tg:nether_bricks_ph"
net.minecraftforge.client.model.ModelLoaderRegistry$LoaderException: Exception loading model tg:nether_bricks_ph#normal with loader VariantLoader.INSTANCE, skipping
	at net.minecraftforge.client.model.ModelLoaderRegistry.getModel(ModelLoaderRegistry.java:161) ~[ModelLoaderRegistry.class:?]
	at net.minecraftforge.client.model.ModelLoader.registerVariant(ModelLoader.java:235) ~[ModelLoader.class:?]
	at net.minecraft.client.renderer.block.model.ModelBakery.loadBlock(ModelBakery.java:153) ~[ModelBakery.class:?]
	at net.minecraftforge.client.model.ModelLoader.loadBlocks(ModelLoader.java:223) ~[ModelLoader.class:?]
	at net.minecraftforge.client.model.ModelLoader.setupModelRegistry(ModelLoader.java:150) ~[ModelLoader.class:?]
	at net.minecraft.client.renderer.block.model.ModelManager.onResourceManagerReload(ModelManager.java:28) [ModelManager.class:?]
	at net.minecraft.client.resources.SimpleReloadableResourceManager.registerReloadListener(SimpleReloadableResourceManager.java:121) [SimpleReloadableResourceManager.class:?]
	at net.minecraft.client.Minecraft.init(Minecraft.java:560) [Minecraft.class:?]
	at net.minecraft.client.Minecraft.run(Minecraft.java:422) [Minecraft.class:?]
	at net.minecraft.client.main.Main.main(Main.java:118) [Main.class:?]
	at sun.reflect.NativeMethodAccessorImpl.invoke0(Native Method) ~[?:1.8.0_412]
	at sun.reflect.NativeMethodAccessorImpl.invoke(NativeMethodAccessorImpl.java:62) ~[?:1.8.0_412]
	at sun.reflect.DelegatingMethodAccessorImpl.invoke(DelegatingMethodAccessorImpl.java:43) ~[?:1.8.0_412]
	at java.lang.reflect.Method.invoke(Method.java:498) ~[?:1.8.0_412]
	at net.minecraft.launchwrapper.Launch.launch(Launch.java:135) [launchwrapper-1.12.jar:?]
	at net.minecraft.launchwrapper.Launch.main(Launch.java:28) [launchwrapper-1.12.jar:?]
	at sun.reflect.NativeMethodAccessorImpl.invoke0(Native Method) ~[?:1.8.0_412]
	at sun.reflect.NativeMethodAccessorImpl.invoke(NativeMethodAccessorImpl.java:62) ~[?:1.8.0_412]
	at sun.reflect.DelegatingMethodAccessorImpl.invoke(DelegatingMethodAccessorImpl.java:43) ~[?:1.8.0_412]
	at java.lang.reflect.Method.invoke(Method.java:498) ~[?:1.8.0_412]
	at net.minecraftforge.gradle.GradleStartCommon.launch(GradleStartCommon.java:97) [start/:?]
	at GradleStart.main(GradleStart.java:25) [start/:?]
Caused by: net.minecraftforge.client.model.ModelLoaderRegistry$LoaderException: Exception loading model minecraft:block/nether_bricks with loader VanillaLoader.INSTANCE, skipping
	at net.minecraftforge.client.model.ModelLoaderRegistry.getModel(ModelLoaderRegistry.java:161) ~[ModelLoaderRegistry.class:?]
	at net.minecraftforge.client.model.ModelLoader$WeightedRandomModel.<init>(ModelLoader.java:658) ~[ModelLoader$WeightedRandomModel.class:?]
	at net.minecraftforge.client.model.ModelLoader$VariantLoader.loadModel(ModelLoader.java:1176) ~[ModelLoader$VariantLoader.class:?]
	at net.minecraftforge.client.model.ModelLoaderRegistry.getModel(ModelLoaderRegistry.java:157) ~[ModelLoaderRegistry.class:?]
	... 21 more
Caused by: java.io.FileNotFoundException: minecraft:models/block/nether_bricks.json
	at net.minecraft.client.resources.FallbackResourceManager.getResource(FallbackResourceManager.java:69) ~[FallbackResourceManager.class:?]
	at net.minecraft.client.resources.SimpleReloadableResourceManager.getResource(SimpleReloadableResourceManager.java:65) ~[SimpleReloadableResourceManager.class:?]
	at net.minecraft.client.renderer.block.model.ModelBakery.loadModel(ModelBakery.java:334) ~[ModelBakery.class:?]
	at net.minecraftforge.client.model.ModelLoader.access$1400(ModelLoader.java:115) ~[ModelLoader.class:?]
	at net.minecraftforge.client.model.ModelLoader$VanillaLoader.loadModel(ModelLoader.java:861) ~[ModelLoader$VanillaLoader.class:?]
	at net.minecraftforge.client.model.ModelLoaderRegistry.getModel(ModelLoaderRegistry.java:157) ~[ModelLoaderRegistry.class:?]
	at net.minecraftforge.client.model.ModelLoader$WeightedRandomModel.<init>(ModelLoader.java:658) ~[ModelLoader$WeightedRandomModel.class:?]
	at net.minecraftforge.client.model.ModelLoader$VariantLoader.loadModel(ModelLoader.java:1176) ~[ModelLoader$VariantLoader.class:?]
	at net.minecraftforge.client.model.ModelLoaderRegistry.getModel(ModelLoaderRegistry.java:157) ~[ModelLoaderRegistry.class:?]
	... 21 more
[22:42:14] [Client thread/ERROR] [FML]: Exception loading model for variant tg:eye_ph#inventory for item "tg:eye_ph", normal location exception: 
net.minecraftforge.client.model.ModelLoaderRegistry$LoaderException: Exception loading model tg:item/eye_ph with loader VanillaLoader.INSTANCE, skipping
	at net.minecraftforge.client.model.ModelLoaderRegistry.getModel(ModelLoaderRegistry.java:161) ~[ModelLoaderRegistry.class:?]
	at net.minecraftforge.client.model.ModelLoader.loadItemModels(ModelLoader.java:302) ~[ModelLoader.class:?]
	at net.minecraft.client.renderer.block.model.ModelBakery.loadVariantItemModels(ModelBakery.java:175) ~[ModelBakery.class:?]
	at net.minecraftforge.client.model.ModelLoader.setupModelRegistry(ModelLoader.java:151) ~[ModelLoader.class:?]
	at net.minecraft.client.renderer.block.model.ModelManager.onResourceManagerReload(ModelManager.java:28) [ModelManager.class:?]
	at net.minecraft.client.resources.SimpleReloadableResourceManager.registerReloadListener(SimpleReloadableResourceManager.java:121) [SimpleReloadableResourceManager.class:?]
	at net.minecraft.client.Minecraft.init(Minecraft.java:560) [Minecraft.class:?]
	at net.minecraft.client.Minecraft.run(Minecraft.java:422) [Minecraft.class:?]
	at net.minecraft.client.main.Main.main(Main.java:118) [Main.class:?]
	at sun.reflect.NativeMethodAccessorImpl.invoke0(Native Method) ~[?:1.8.0_412]
	at sun.reflect.NativeMethodAccessorImpl.invoke(NativeMethodAccessorImpl.java:62) ~[?:1.8.0_412]
	at sun.reflect.DelegatingMethodAccessorImpl.invoke(DelegatingMethodAccessorImpl.java:43) ~[?:1.8.0_412]
	at java.lang.reflect.Method.invoke(Method.java:498) ~[?:1.8.0_412]
	at net.minecraft.launchwrapper.Launch.launch(Launch.java:135) [launchwrapper-1.12.jar:?]
	at net.minecraft.launchwrapper.Launch.main(Launch.java:28) [launchwrapper-1.12.jar:?]
	at sun.reflect.NativeMethodAccessorImpl.invoke0(Native Method) ~[?:1.8.0_412]
	at sun.reflect.NativeMethodAccessorImpl.invoke(NativeMethodAccessorImpl.java:62) ~[?:1.8.0_412]
	at sun.reflect.DelegatingMethodAccessorImpl.invoke(DelegatingMethodAccessorImpl.java:43) ~[?:1.8.0_412]
	at java.lang.reflect.Method.invoke(Method.java:498) ~[?:1.8.0_412]
	at net.minecraftforge.gradle.GradleStartCommon.launch(GradleStartCommon.java:97) [start/:?]
	at GradleStart.main(GradleStart.java:25) [start/:?]
Caused by: java.io.FileNotFoundException: tg:models/item/eye_ph.json
	at net.minecraft.client.resources.FallbackResourceManager.getResource(FallbackResourceManager.java:69) ~[FallbackResourceManager.class:?]
	at net.minecraft.client.resources.SimpleReloadableResourceManager.getResource(SimpleReloadableResourceManager.java:65) ~[SimpleReloadableResourceManager.class:?]
	at net.minecraft.client.renderer.block.model.ModelBakery.loadModel(ModelBakery.java:334) ~[ModelBakery.class:?]
	at net.minecraftforge.client.model.ModelLoader.access$1400(ModelLoader.java:115) ~[ModelLoader.class:?]
	at net.minecraftforge.client.model.ModelLoader$VanillaLoader.loadModel(ModelLoader.java:861) ~[ModelLoader$VanillaLoader.class:?]
	at net.minecraftforge.client.model.ModelLoaderRegistry.getModel(ModelLoaderRegistry.java:157) ~[ModelLoaderRegistry.class:?]
	... 20 more
[22:42:14] [Client thread/ERROR] [FML]: Exception loading model for variant tg:eye_ph#inventory for item "tg:eye_ph", blockstate location exception: 
net.minecraftforge.client.model.ModelLoaderRegistry$LoaderException: Exception loading model tg:eye_ph#inventory with loader VariantLoader.INSTANCE, skipping
	at net.minecraftforge.client.model.ModelLoaderRegistry.getModel(ModelLoaderRegistry.java:161) ~[ModelLoaderRegistry.class:?]
	at net.minecraftforge.client.model.ModelLoader.loadItemModels(ModelLoader.java:296) ~[ModelLoader.class:?]
	at net.minecraft.client.renderer.block.model.ModelBakery.loadVariantItemModels(ModelBakery.java:175) ~[ModelBakery.class:?]
	at net.minecraftforge.client.model.ModelLoader.setupModelRegistry(ModelLoader.java:151) ~[ModelLoader.class:?]
	at net.minecraft.client.renderer.block.model.ModelManager.onResourceManagerReload(ModelManager.java:28) [ModelManager.class:?]
	at net.minecraft.client.resources.SimpleReloadableResourceManager.registerReloadListener(SimpleReloadableResourceManager.java:121) [SimpleReloadableResourceManager.class:?]
	at net.minecraft.client.Minecraft.init(Minecraft.java:560) [Minecraft.class:?]
	at net.minecraft.client.Minecraft.run(Minecraft.java:422) [Minecraft.class:?]
	at net.minecraft.client.main.Main.main(Main.java:118) [Main.class:?]
	at sun.reflect.NativeMethodAccessorImpl.invoke0(Native Method) ~[?:1.8.0_412]
	at sun.reflect.NativeMethodAccessorImpl.invoke(NativeMethodAccessorImpl.java:62) ~[?:1.8.0_412]
	at sun.reflect.DelegatingMethodAccessorImpl.invoke(DelegatingMethodAccessorImpl.java:43) ~[?:1.8.0_412]
	at java.lang.reflect.Method.invoke(Method.java:498) ~[?:1.8.0_412]
	at net.minecraft.launchwrapper.Launch.launch(Launch.java:135) [launchwrapper-1.12.jar:?]
	at net.minecraft.launchwrapper.Launch.main(Launch.java:28) [launchwrapper-1.12.jar:?]
	at sun.reflect.NativeMethodAccessorImpl.invoke0(Native Method) ~[?:1.8.0_412]
	at sun.reflect.NativeMethodAccessorImpl.invoke(NativeMethodAccessorImpl.java:62) ~[?:1.8.0_412]
	at sun.reflect.DelegatingMethodAccessorImpl.invoke(DelegatingMethodAccessorImpl.java:43) ~[?:1.8.0_412]
	at java.lang.reflect.Method.invoke(Method.java:498) ~[?:1.8.0_412]
	at net.minecraftforge.gradle.GradleStartCommon.launch(GradleStartCommon.java:97) [start/:?]
	at GradleStart.main(GradleStart.java:25) [start/:?]
Caused by: net.minecraft.client.renderer.block.model.ModelBlockDefinition$MissingVariantException
	at net.minecraft.client.renderer.block.model.ModelBlockDefinition.getVariant(ModelBlockDefinition.java:83) ~[ModelBlockDefinition.class:?]
	at net.minecraftforge.client.model.ModelLoader$VariantLoader.loadModel(ModelLoader.java:1175) ~[ModelLoader$VariantLoader.class:?]
	at net.minecraftforge.client.model.ModelLoaderRegistry.getModel(ModelLoaderRegistry.java:157) ~[ModelLoaderRegistry.class:?]
	... 20 more
[22:42:14] [Client thread/ERROR] [FML]: Exception loading model for variant tg:stab_1_ph#inventory for item "tg:stab_1_ph", normal location exception: 
net.minecraftforge.client.model.ModelLoaderRegistry$LoaderException: Exception loading model tg:item/stab_1_ph with loader VanillaLoader.INSTANCE, skipping
	at net.minecraftforge.client.model.ModelLoaderRegistry.getModel(ModelLoaderRegistry.java:161) ~[ModelLoaderRegistry.class:?]
	at net.minecraftforge.client.model.ModelLoader.loadItemModels(ModelLoader.java:302) ~[ModelLoader.class:?]
	at net.minecraft.client.renderer.block.model.ModelBakery.loadVariantItemModels(ModelBakery.java:175) ~[ModelBakery.class:?]
	at net.minecraftforge.client.model.ModelLoader.setupModelRegistry(ModelLoader.java:151) ~[ModelLoader.class:?]
	at net.minecraft.client.renderer.block.model.ModelManager.onResourceManagerReload(ModelManager.java:28) [ModelManager.class:?]
	at net.minecraft.client.resources.SimpleReloadableResourceManager.registerReloadListener(SimpleReloadableResourceManager.java:121) [SimpleReloadableResourceManager.class:?]
	at net.minecraft.client.Minecraft.init(Minecraft.java:560) [Minecraft.class:?]
	at net.minecraft.client.Minecraft.run(Minecraft.java:422) [Minecraft.class:?]
	at net.minecraft.client.main.Main.main(Main.java:118) [Main.class:?]
	at sun.reflect.NativeMethodAccessorImpl.invoke0(Native Method) ~[?:1.8.0_412]
	at sun.reflect.NativeMethodAccessorImpl.invoke(NativeMethodAccessorImpl.java:62) ~[?:1.8.0_412]
	at sun.reflect.DelegatingMethodAccessorImpl.invoke(DelegatingMethodAccessorImpl.java:43) ~[?:1.8.0_412]
	at java.lang.reflect.Method.invoke(Method.java:498) ~[?:1.8.0_412]
	at net.minecraft.launchwrapper.Launch.launch(Launch.java:135) [launchwrapper-1.12.jar:?]
	at net.minecraft.launchwrapper.Launch.main(Launch.java:28) [launchwrapper-1.12.jar:?]
	at sun.reflect.NativeMethodAccessorImpl.invoke0(Native Method) ~[?:1.8.0_412]
	at sun.reflect.NativeMethodAccessorImpl.invoke(NativeMethodAccessorImpl.java:62) ~[?:1.8.0_412]
	at sun.reflect.DelegatingMethodAccessorImpl.invoke(DelegatingMethodAccessorImpl.java:43) ~[?:1.8.0_412]
	at java.lang.reflect.Method.invoke(Method.java:498) ~[?:1.8.0_412]
	at net.minecraftforge.gradle.GradleStartCommon.launch(GradleStartCommon.java:97) [start/:?]
	at GradleStart.main(GradleStart.java:25) [start/:?]
Caused by: java.io.FileNotFoundException: tg:models/item/stab_1_ph.json
	at net.minecraft.client.resources.FallbackResourceManager.getResource(FallbackResourceManager.java:69) ~[FallbackResourceManager.class:?]
	at net.minecraft.client.resources.SimpleReloadableResourceManager.getResource(SimpleReloadableResourceManager.java:65) ~[SimpleReloadableResourceManager.class:?]
	at net.minecraft.client.renderer.block.model.ModelBakery.loadModel(ModelBakery.java:334) ~[ModelBakery.class:?]
	at net.minecraftforge.client.model.ModelLoader.access$1400(ModelLoader.java:115) ~[ModelLoader.class:?]
	at net.minecraftforge.client.model.ModelLoader$VanillaLoader.loadModel(ModelLoader.java:861) ~[ModelLoader$VanillaLoader.class:?]
	at net.minecraftforge.client.model.ModelLoaderRegistry.getModel(ModelLoaderRegistry.java:157) ~[ModelLoaderRegistry.class:?]
	... 20 more
[22:42:14] [Client thread/ERROR] [FML]: Exception loading model for variant tg:stab_1_ph#inventory for item "tg:stab_1_ph", blockstate location exception: 
net.minecraftforge.client.model.ModelLoaderRegistry$LoaderException: Exception loading model tg:stab_1_ph#inventory with loader VariantLoader.INSTANCE, skipping
	at net.minecraftforge.client.model.ModelLoaderRegistry.getModel(ModelLoaderRegistry.java:161) ~[ModelLoaderRegistry.class:?]
	at net.minecraftforge.client.model.ModelLoader.loadItemModels(ModelLoader.java:296) ~[ModelLoader.class:?]
	at net.minecraft.client.renderer.block.model.ModelBakery.loadVariantItemModels(ModelBakery.java:175) ~[ModelBakery.class:?]
	at net.minecraftforge.client.model.ModelLoader.setupModelRegistry(ModelLoader.java:151) ~[ModelLoader.class:?]
	at net.minecraft.client.renderer.block.model.ModelManager.onResourceManagerReload(ModelManager.java:28) [ModelManager.class:?]
	at net.minecraft.client.resources.SimpleReloadableResourceManager.registerReloadListener(SimpleReloadableResourceManager.java:121) [SimpleReloadableResourceManager.class:?]
	at net.minecraft.client.Minecraft.init(Minecraft.java:560) [Minecraft.class:?]
	at net.minecraft.client.Minecraft.run(Minecraft.java:422) [Minecraft.class:?]
	at net.minecraft.client.main.Main.main(Main.java:118) [Main.class:?]
	at sun.reflect.NativeMethodAccessorImpl.invoke0(Native Method) ~[?:1.8.0_412]
	at sun.reflect.NativeMethodAccessorImpl.invoke(NativeMethodAccessorImpl.java:62) ~[?:1.8.0_412]
	at sun.reflect.DelegatingMethodAccessorImpl.invoke(DelegatingMethodAccessorImpl.java:43) ~[?:1.8.0_412]
	at java.lang.reflect.Method.invoke(Method.java:498) ~[?:1.8.0_412]
	at net.minecraft.launchwrapper.Launch.launch(Launch.java:135) [launchwrapper-1.12.jar:?]
	at net.minecraft.launchwrapper.Launch.main(Launch.java:28) [launchwrapper-1.12.jar:?]
	at sun.reflect.NativeMethodAccessorImpl.invoke0(Native Method) ~[?:1.8.0_412]
	at sun.reflect.NativeMethodAccessorImpl.invoke(NativeMethodAccessorImpl.java:62) ~[?:1.8.0_412]
	at sun.reflect.DelegatingMethodAccessorImpl.invoke(DelegatingMethodAccessorImpl.java:43) ~[?:1.8.0_412]
	at java.lang.reflect.Method.invoke(Method.java:498) ~[?:1.8.0_412]
	at net.minecraftforge.gradle.GradleStartCommon.launch(GradleStartCommon.java:97) [start/:?]
	at GradleStart.main(GradleStart.java:25) [start/:?]
Caused by: net.minecraft.client.renderer.block.model.ModelBlockDefinition$MissingVariantException
	at net.minecraft.client.renderer.block.model.ModelBlockDefinition.getVariant(ModelBlockDefinition.java:83) ~[ModelBlockDefinition.class:?]
	at net.minecraftforge.client.model.ModelLoader$VariantLoader.loadModel(ModelLoader.java:1175) ~[ModelLoader$VariantLoader.class:?]
	at net.minecraftforge.client.model.ModelLoaderRegistry.getModel(ModelLoaderRegistry.java:157) ~[ModelLoaderRegistry.class:?]
	... 20 more
[22:42:14] [Client thread/ERROR] [FML]: Exception loading model for variant thaumicforever:vis_module#inventory for item "thaumicforever:vis_module", normal location exception: 
net.minecraftforge.client.model.ModelLoaderRegistry$LoaderException: Exception loading model thaumicforever:item/vis_module with loader VanillaLoader.INSTANCE, skipping
	at net.minecraftforge.client.model.ModelLoaderRegistry.getModel(ModelLoaderRegistry.java:161) ~[ModelLoaderRegistry.class:?]
	at net.minecraftforge.client.model.ModelLoader.loadItemModels(ModelLoader.java:302) ~[ModelLoader.class:?]
	at net.minecraft.client.renderer.block.model.ModelBakery.loadVariantItemModels(ModelBakery.java:175) ~[ModelBakery.class:?]
	at net.minecraftforge.client.model.ModelLoader.setupModelRegistry(ModelLoader.java:151) ~[ModelLoader.class:?]
	at net.minecraft.client.renderer.block.model.ModelManager.onResourceManagerReload(ModelManager.java:28) [ModelManager.class:?]
	at net.minecraft.client.resources.SimpleReloadableResourceManager.registerReloadListener(SimpleReloadableResourceManager.java:121) [SimpleReloadableResourceManager.class:?]
	at net.minecraft.client.Minecraft.init(Minecraft.java:560) [Minecraft.class:?]
	at net.minecraft.client.Minecraft.run(Minecraft.java:422) [Minecraft.class:?]
	at net.minecraft.client.main.Main.main(Main.java:118) [Main.class:?]
	at sun.reflect.NativeMethodAccessorImpl.invoke0(Native Method) ~[?:1.8.0_412]
	at sun.reflect.NativeMethodAccessorImpl.invoke(NativeMethodAccessorImpl.java:62) ~[?:1.8.0_412]
	at sun.reflect.DelegatingMethodAccessorImpl.invoke(DelegatingMethodAccessorImpl.java:43) ~[?:1.8.0_412]
	at java.lang.reflect.Method.invoke(Method.java:498) ~[?:1.8.0_412]
	at net.minecraft.launchwrapper.Launch.launch(Launch.java:135) [launchwrapper-1.12.jar:?]
	at net.minecraft.launchwrapper.Launch.main(Launch.java:28) [launchwrapper-1.12.jar:?]
	at sun.reflect.NativeMethodAccessorImpl.invoke0(Native Method) ~[?:1.8.0_412]
	at sun.reflect.NativeMethodAccessorImpl.invoke(NativeMethodAccessorImpl.java:62) ~[?:1.8.0_412]
	at sun.reflect.DelegatingMethodAccessorImpl.invoke(DelegatingMethodAccessorImpl.java:43) ~[?:1.8.0_412]
	at java.lang.reflect.Method.invoke(Method.java:498) ~[?:1.8.0_412]
	at net.minecraftforge.gradle.GradleStartCommon.launch(GradleStartCommon.java:97) [start/:?]
	at GradleStart.main(GradleStart.java:25) [start/:?]
Caused by: java.io.FileNotFoundException: thaumicforever:models/item/vis_module.json
	at net.minecraft.client.resources.FallbackResourceManager.getResource(FallbackResourceManager.java:69) ~[FallbackResourceManager.class:?]
	at net.minecraft.client.resources.SimpleReloadableResourceManager.getResource(SimpleReloadableResourceManager.java:65) ~[SimpleReloadableResourceManager.class:?]
	at net.minecraft.client.renderer.block.model.ModelBakery.loadModel(ModelBakery.java:334) ~[ModelBakery.class:?]
	at net.minecraftforge.client.model.ModelLoader.access$1400(ModelLoader.java:115) ~[ModelLoader.class:?]
	at net.minecraftforge.client.model.ModelLoader$VanillaLoader.loadModel(ModelLoader.java:861) ~[ModelLoader$VanillaLoader.class:?]
	at net.minecraftforge.client.model.ModelLoaderRegistry.getModel(ModelLoaderRegistry.java:157) ~[ModelLoaderRegistry.class:?]
	... 20 more
[22:42:14] [Client thread/ERROR] [FML]: Exception loading model for variant thaumicforever:vis_module#inventory for item "thaumicforever:vis_module", blockstate location exception: 
net.minecraftforge.client.model.ModelLoaderRegistry$LoaderException: Exception loading model thaumicforever:vis_module#inventory with loader VariantLoader.INSTANCE, skipping
	at net.minecraftforge.client.model.ModelLoaderRegistry.getModel(ModelLoaderRegistry.java:161) ~[ModelLoaderRegistry.class:?]
	at net.minecraftforge.client.model.ModelLoader.loadItemModels(ModelLoader.java:296) ~[ModelLoader.class:?]
	at net.minecraft.client.renderer.block.model.ModelBakery.loadVariantItemModels(ModelBakery.java:175) ~[ModelBakery.class:?]
	at net.minecraftforge.client.model.ModelLoader.setupModelRegistry(ModelLoader.java:151) ~[ModelLoader.class:?]
	at net.minecraft.client.renderer.block.model.ModelManager.onResourceManagerReload(ModelManager.java:28) [ModelManager.class:?]
	at net.minecraft.client.resources.SimpleReloadableResourceManager.registerReloadListener(SimpleReloadableResourceManager.java:121) [SimpleReloadableResourceManager.class:?]
	at net.minecraft.client.Minecraft.init(Minecraft.java:560) [Minecraft.class:?]
	at net.minecraft.client.Minecraft.run(Minecraft.java:422) [Minecraft.class:?]
	at net.minecraft.client.main.Main.main(Main.java:118) [Main.class:?]
	at sun.reflect.NativeMethodAccessorImpl.invoke0(Native Method) ~[?:1.8.0_412]
	at sun.reflect.NativeMethodAccessorImpl.invoke(NativeMethodAccessorImpl.java:62) ~[?:1.8.0_412]
	at sun.reflect.DelegatingMethodAccessorImpl.invoke(DelegatingMethodAccessorImpl.java:43) ~[?:1.8.0_412]
	at java.lang.reflect.Method.invoke(Method.java:498) ~[?:1.8.0_412]
	at net.minecraft.launchwrapper.Launch.launch(Launch.java:135) [launchwrapper-1.12.jar:?]
	at net.minecraft.launchwrapper.Launch.main(Launch.java:28) [launchwrapper-1.12.jar:?]
	at sun.reflect.NativeMethodAccessorImpl.invoke0(Native Method) ~[?:1.8.0_412]
	at sun.reflect.NativeMethodAccessorImpl.invoke(NativeMethodAccessorImpl.java:62) ~[?:1.8.0_412]
	at sun.reflect.DelegatingMethodAccessorImpl.invoke(DelegatingMethodAccessorImpl.java:43) ~[?:1.8.0_412]
	at java.lang.reflect.Method.invoke(Method.java:498) ~[?:1.8.0_412]
	at net.minecraftforge.gradle.GradleStartCommon.launch(GradleStartCommon.java:97) [start/:?]
	at GradleStart.main(GradleStart.java:25) [start/:?]
Caused by: net.minecraft.client.renderer.block.model.ModelBlockDefinition$MissingVariantException
	at net.minecraft.client.renderer.block.model.ModelBlockDefinition.getVariant(ModelBlockDefinition.java:83) ~[ModelBlockDefinition.class:?]
	at net.minecraftforge.client.model.ModelLoader$VariantLoader.loadModel(ModelLoader.java:1175) ~[ModelLoader$VariantLoader.class:?]
	at net.minecraftforge.client.model.ModelLoaderRegistry.getModel(ModelLoaderRegistry.java:157) ~[ModelLoaderRegistry.class:?]
	... 20 more
[22:42:14] [Client thread/ERROR] [FML]: Exception loading model for variant thaumicforever:jarred_node#normal for blockstate "thaumicforever:jarred_node"
net.minecraftforge.client.model.ModelLoaderRegistry$LoaderException: Exception loading model thaumicforever:jarred_node#normal with loader VariantLoader.INSTANCE, skipping
	at net.minecraftforge.client.model.ModelLoaderRegistry.getModel(ModelLoaderRegistry.java:161) ~[ModelLoaderRegistry.class:?]
	at net.minecraftforge.client.model.ModelLoader.registerVariant(ModelLoader.java:235) ~[ModelLoader.class:?]
	at net.minecraft.client.renderer.block.model.ModelBakery.loadBlock(ModelBakery.java:153) ~[ModelBakery.class:?]
	at net.minecraftforge.client.model.ModelLoader.loadBlocks(ModelLoader.java:223) ~[ModelLoader.class:?]
	at net.minecraftforge.client.model.ModelLoader.setupModelRegistry(ModelLoader.java:150) ~[ModelLoader.class:?]
	at net.minecraft.client.renderer.block.model.ModelManager.onResourceManagerReload(ModelManager.java:28) [ModelManager.class:?]
	at net.minecraft.client.resources.SimpleReloadableResourceManager.registerReloadListener(SimpleReloadableResourceManager.java:121) [SimpleReloadableResourceManager.class:?]
	at net.minecraft.client.Minecraft.init(Minecraft.java:560) [Minecraft.class:?]
	at net.minecraft.client.Minecraft.run(Minecraft.java:422) [Minecraft.class:?]
	at net.minecraft.client.main.Main.main(Main.java:118) [Main.class:?]
	at sun.reflect.NativeMethodAccessorImpl.invoke0(Native Method) ~[?:1.8.0_412]
	at sun.reflect.NativeMethodAccessorImpl.invoke(NativeMethodAccessorImpl.java:62) ~[?:1.8.0_412]
	at sun.reflect.DelegatingMethodAccessorImpl.invoke(DelegatingMethodAccessorImpl.java:43) ~[?:1.8.0_412]
	at java.lang.reflect.Method.invoke(Method.java:498) ~[?:1.8.0_412]
	at net.minecraft.launchwrapper.Launch.launch(Launch.java:135) [launchwrapper-1.12.jar:?]
	at net.minecraft.launchwrapper.Launch.main(Launch.java:28) [launchwrapper-1.12.jar:?]
	at sun.reflect.NativeMethodAccessorImpl.invoke0(Native Method) ~[?:1.8.0_412]
	at sun.reflect.NativeMethodAccessorImpl.invoke(NativeMethodAccessorImpl.java:62) ~[?:1.8.0_412]
	at sun.reflect.DelegatingMethodAccessorImpl.invoke(DelegatingMethodAccessorImpl.java:43) ~[?:1.8.0_412]
	at java.lang.reflect.Method.invoke(Method.java:498) ~[?:1.8.0_412]
	at net.minecraftforge.gradle.GradleStartCommon.launch(GradleStartCommon.java:97) [start/:?]
	at GradleStart.main(GradleStart.java:25) [start/:?]
Caused by: net.minecraftforge.client.model.ModelLoaderRegistry$LoaderException: Exception loading model thaumicforever:block/block/jar_node with loader VanillaLoader.INSTANCE, skipping
	at net.minecraftforge.client.model.ModelLoaderRegistry.getModel(ModelLoaderRegistry.java:161) ~[ModelLoaderRegistry.class:?]
	at net.minecraftforge.client.model.ModelLoader$WeightedRandomModel.<init>(ModelLoader.java:658) ~[ModelLoader$WeightedRandomModel.class:?]
	at net.minecraftforge.client.model.ModelLoader$VariantLoader.loadModel(ModelLoader.java:1176) ~[ModelLoader$VariantLoader.class:?]
	at net.minecraftforge.client.model.ModelLoaderRegistry.getModel(ModelLoaderRegistry.java:157) ~[ModelLoaderRegistry.class:?]
	... 21 more
Caused by: java.io.FileNotFoundException: thaumicforever:models/block/block/jar_node.json
	at net.minecraft.client.resources.FallbackResourceManager.getResource(FallbackResourceManager.java:69) ~[FallbackResourceManager.class:?]
	at net.minecraft.client.resources.SimpleReloadableResourceManager.getResource(SimpleReloadableResourceManager.java:65) ~[SimpleReloadableResourceManager.class:?]
	at net.minecraft.client.renderer.block.model.ModelBakery.loadModel(ModelBakery.java:334) ~[ModelBakery.class:?]
	at net.minecraftforge.client.model.ModelLoader.access$1400(ModelLoader.java:115) ~[ModelLoader.class:?]
	at net.minecraftforge.client.model.ModelLoader$VanillaLoader.loadModel(ModelLoader.java:861) ~[ModelLoader$VanillaLoader.class:?]
	at net.minecraftforge.client.model.ModelLoaderRegistry.getModel(ModelLoaderRegistry.java:157) ~[ModelLoaderRegistry.class:?]
	at net.minecraftforge.client.model.ModelLoader$WeightedRandomModel.<init>(ModelLoader.java:658) ~[ModelLoader$WeightedRandomModel.class:?]
	at net.minecraftforge.client.model.ModelLoader$VariantLoader.loadModel(ModelLoader.java:1176) ~[ModelLoader$VariantLoader.class:?]
	at net.minecraftforge.client.model.ModelLoaderRegistry.getModel(ModelLoaderRegistry.java:157) ~[ModelLoaderRegistry.class:?]
	... 21 more
[22:42:14] [Client thread/ERROR] [FML]: Exception loading model for variant thaumicforever:buff_node_stabilizer#normal for blockstate "thaumicforever:buff_node_stabilizer"
net.minecraftforge.client.model.ModelLoaderRegistry$LoaderException: Exception loading model thaumicforever:buff_node_stabilizer#normal with loader VariantLoader.INSTANCE, skipping
	at net.minecraftforge.client.model.ModelLoaderRegistry.getModel(ModelLoaderRegistry.java:161) ~[ModelLoaderRegistry.class:?]
	at net.minecraftforge.client.model.ModelLoader.registerVariant(ModelLoader.java:235) ~[ModelLoader.class:?]
	at net.minecraft.client.renderer.block.model.ModelBakery.loadBlock(ModelBakery.java:153) ~[ModelBakery.class:?]
	at net.minecraftforge.client.model.ModelLoader.loadBlocks(ModelLoader.java:223) ~[ModelLoader.class:?]
	at net.minecraftforge.client.model.ModelLoader.setupModelRegistry(ModelLoader.java:150) ~[ModelLoader.class:?]
	at net.minecraft.client.renderer.block.model.ModelManager.onResourceManagerReload(ModelManager.java:28) [ModelManager.class:?]
	at net.minecraft.client.resources.SimpleReloadableResourceManager.registerReloadListener(SimpleReloadableResourceManager.java:121) [SimpleReloadableResourceManager.class:?]
	at net.minecraft.client.Minecraft.init(Minecraft.java:560) [Minecraft.class:?]
	at net.minecraft.client.Minecraft.run(Minecraft.java:422) [Minecraft.class:?]
	at net.minecraft.client.main.Main.main(Main.java:118) [Main.class:?]
	at sun.reflect.NativeMethodAccessorImpl.invoke0(Native Method) ~[?:1.8.0_412]
	at sun.reflect.NativeMethodAccessorImpl.invoke(NativeMethodAccessorImpl.java:62) ~[?:1.8.0_412]
	at sun.reflect.DelegatingMethodAccessorImpl.invoke(DelegatingMethodAccessorImpl.java:43) ~[?:1.8.0_412]
	at java.lang.reflect.Method.invoke(Method.java:498) ~[?:1.8.0_412]
	at net.minecraft.launchwrapper.Launch.launch(Launch.java:135) [launchwrapper-1.12.jar:?]
	at net.minecraft.launchwrapper.Launch.main(Launch.java:28) [launchwrapper-1.12.jar:?]
	at sun.reflect.NativeMethodAccessorImpl.invoke0(Native Method) ~[?:1.8.0_412]
	at sun.reflect.NativeMethodAccessorImpl.invoke(NativeMethodAccessorImpl.java:62) ~[?:1.8.0_412]
	at sun.reflect.DelegatingMethodAccessorImpl.invoke(DelegatingMethodAccessorImpl.java:43) ~[?:1.8.0_412]
	at java.lang.reflect.Method.invoke(Method.java:498) ~[?:1.8.0_412]
	at net.minecraftforge.gradle.GradleStartCommon.launch(GradleStartCommon.java:97) [start/:?]
	at GradleStart.main(GradleStart.java:25) [start/:?]
Caused by: net.minecraft.client.renderer.block.model.ModelBlockDefinition$MissingVariantException
	at net.minecraft.client.renderer.block.model.ModelBlockDefinition.getVariant(ModelBlockDefinition.java:83) ~[ModelBlockDefinition.class:?]
	at net.minecraftforge.client.model.ModelLoader$VariantLoader.loadModel(ModelLoader.java:1175) ~[ModelLoader$VariantLoader.class:?]
	at net.minecraftforge.client.model.ModelLoaderRegistry.getModel(ModelLoaderRegistry.java:157) ~[ModelLoaderRegistry.class:?]
	... 21 more
[22:42:14] [Client thread/ERROR] [FML]: Exception loading model for variant thaumicforever:node_transducer#normal for blockstate "thaumicforever:node_transducer"
net.minecraftforge.client.model.ModelLoaderRegistry$LoaderException: Exception loading model thaumicforever:node_transducer#normal with loader VariantLoader.INSTANCE, skipping
	at net.minecraftforge.client.model.ModelLoaderRegistry.getModel(ModelLoaderRegistry.java:161) ~[ModelLoaderRegistry.class:?]
	at net.minecraftforge.client.model.ModelLoader.registerVariant(ModelLoader.java:235) ~[ModelLoader.class:?]
	at net.minecraft.client.renderer.block.model.ModelBakery.loadBlock(ModelBakery.java:153) ~[ModelBakery.class:?]
	at net.minecraftforge.client.model.ModelLoader.loadBlocks(ModelLoader.java:223) ~[ModelLoader.class:?]
	at net.minecraftforge.client.model.ModelLoader.setupModelRegistry(ModelLoader.java:150) ~[ModelLoader.class:?]
	at net.minecraft.client.renderer.block.model.ModelManager.onResourceManagerReload(ModelManager.java:28) [ModelManager.class:?]
	at net.minecraft.client.resources.SimpleReloadableResourceManager.registerReloadListener(SimpleReloadableResourceManager.java:121) [SimpleReloadableResourceManager.class:?]
	at net.minecraft.client.Minecraft.init(Minecraft.java:560) [Minecraft.class:?]
	at net.minecraft.client.Minecraft.run(Minecraft.java:422) [Minecraft.class:?]
	at net.minecraft.client.main.Main.main(Main.java:118) [Main.class:?]
	at sun.reflect.NativeMethodAccessorImpl.invoke0(Native Method) ~[?:1.8.0_412]
	at sun.reflect.NativeMethodAccessorImpl.invoke(NativeMethodAccessorImpl.java:62) ~[?:1.8.0_412]
	at sun.reflect.DelegatingMethodAccessorImpl.invoke(DelegatingMethodAccessorImpl.java:43) ~[?:1.8.0_412]
	at java.lang.reflect.Method.invoke(Method.java:498) ~[?:1.8.0_412]
	at net.minecraft.launchwrapper.Launch.launch(Launch.java:135) [launchwrapper-1.12.jar:?]
	at net.minecraft.launchwrapper.Launch.main(Launch.java:28) [launchwrapper-1.12.jar:?]
	at sun.reflect.NativeMethodAccessorImpl.invoke0(Native Method) ~[?:1.8.0_412]
	at sun.reflect.NativeMethodAccessorImpl.invoke(NativeMethodAccessorImpl.java:62) ~[?:1.8.0_412]
	at sun.reflect.DelegatingMethodAccessorImpl.invoke(DelegatingMethodAccessorImpl.java:43) ~[?:1.8.0_412]
	at java.lang.reflect.Method.invoke(Method.java:498) ~[?:1.8.0_412]
	at net.minecraftforge.gradle.GradleStartCommon.launch(GradleStartCommon.java:97) [start/:?]
	at GradleStart.main(GradleStart.java:25) [start/:?]
Caused by: net.minecraft.client.renderer.block.model.ModelBlockDefinition$MissingVariantException
	at net.minecraft.client.renderer.block.model.ModelBlockDefinition.getVariant(ModelBlockDefinition.java:83) ~[ModelBlockDefinition.class:?]
	at net.minecraftforge.client.model.ModelLoader$VariantLoader.loadModel(ModelLoader.java:1175) ~[ModelLoader$VariantLoader.class:?]
	at net.minecraftforge.client.model.ModelLoaderRegistry.getModel(ModelLoaderRegistry.java:157) ~[ModelLoaderRegistry.class:?]
	... 21 more
[22:42:14] [Client thread/FATAL] [FML]: Suppressed additional 0 model loading errors for domain tg
[22:42:14] [Client thread/FATAL] [FML]: Suppressed additional 376 model loading errors for domain thaumadditions
[22:42:14] [Client thread/FATAL] [FML]: Suppressed additional 10 model loading errors for domain thaumictinkerer
[22:42:14] [Client thread/FATAL] [FML]: Suppressed additional 0 model loading errors for domain thaumicforever
[22:42:14] [Client thread/INFO] [thaumicaugmentationcore]: Successfully transformed class net.minecraft.client.renderer.entity.layers.LayerCape
[22:42:14] [Client thread/INFO] [Hammer Core [ASM]]: Transforming net.minecraft.client.renderer.ChunkRenderContainer (net.minecraft.client.renderer.ChunkRenderContainer)...
[22:42:14] [Client thread/INFO] [Hammer Core [ASM]]:   -Patched preRenderChunk!
[22:42:14] [Client thread/INFO] [Hammer Core [ASM]]: Transforming net.minecraft.client.renderer.chunk.RenderChunk (net.minecraft.client.renderer.chunk.RenderChunk)...
[22:42:14] [Client thread/INFO] [Hammer Core [ASM]]:   -Patching RenderChunk
[22:42:14] [Client thread/INFO] [Hammer Core [ASM]]:     -Modified method 'postRenderChunk': added event call.
[22:42:14] [Client thread/INFO] [THAUMCRAFT]: Checking for mod & oredict compatibilities
[22:42:14] [Client thread/INFO] [THAUMCRAFT]: Adding entities to MFR safari net blacklist.
[22:42:14] [Client thread/INFO] [thaumicaugmentationcore]: Successfully transformed class thaumcraft.common.lib.crafting.InfusionRunicAugmentRecipe
[22:42:15] [Client thread/INFO] [planarartifice]: [PA, MULTIBLOCK] Mirromirous Waystone: [[[thaumcraft.api.crafting.Part@400539e8]], [[thaumcraft.api.crafting.Part@1c351766]], [[thaumcraft.api.crafting.Part@5758f2f9]]]
[22:42:15] [Client thread/INFO] [thaumictinkerer]: Botania not found, Sad now.
[22:42:15] [Client thread/WARN] [FML]: Potentially Dangerous alternative prefix `thaumadditions` for name `essence_salt.mix`, expected `hammercore`. This could be a intended override, but in most cases indicates a broken mod.
[22:42:15] [Client thread/WARN] [FML]: Potentially Dangerous alternative prefix `thaumadditions` for name `essence_salt.apply`, expected `hammercore`. This could be a intended override, but in most cases indicates a broken mod.
[22:42:15] [Client thread/WARN] [FML]: Potentially Dangerous alternative prefix `thaumadditions` for name `essence_salt.remove`, expected `hammercore`. This could be a intended override, but in most cases indicates a broken mod.
[22:42:15] [Client thread/WARN] [FML]: Potentially Dangerous alternative prefix `thaumadditions` for name `seal_paint`, expected `hammercore`. This could be a intended override, but in most cases indicates a broken mod.
[22:42:15] [Client thread/WARN] [FML]: Potentially Dangerous alternative prefix `thaumadditions` for name `phantom_ink.apply`, expected `hammercore`. This could be a intended override, but in most cases indicates a broken mod.
[22:42:15] [Client thread/WARN] [FML]: Potentially Dangerous alternative prefix `thaumadditions` for name `phantom_ink.remove`, expected `hammercore`. This could be a intended override, but in most cases indicates a broken mod.
[22:42:15] [Client thread/WARN] [FML]: Potentially Dangerous alternative prefix `thaumadditions` for name `disenchant`, expected `hammercore`. This could be a intended override, but in most cases indicates a broken mod.
[22:42:15] [Client thread/INFO] [FML]: Applying holder lookups
[22:42:15] [Client thread/INFO] [FML]: Holder lookups applied
[22:42:15] [Client thread/INFO] [jei]: Created: 256x128 textures-atlas
[22:42:15] [Client thread/INFO] [ThaumicAdditionsCore]: Transforming thaumcraft.common.lib.research.ScanSky (thaumcraft.common.lib.research.ScanSky)...
[22:42:15] [Client thread/INFO] [ThaumicAdditionsCore]:   -Applying org.zeith.thaumicadditions.asm.mixins.ScanSkyMixin into thaumcraft/common/lib/research/ScanSky
[22:42:15] [Client thread/WARN] [thaumicforever]: Could not find BlockFlowerPot.addPlant method. Skipping custom flower pot compatibility.
[22:42:15] [Client thread/INFO] [FML]: Ignored smelting recipe with conflicting input: 1xtile.thaumicforever.ancient_iron@32767 = 3xitem.ingotIron@0
[22:42:15] [Client thread/INFO] [FML]: Ignored smelting recipe with conflicting input: 1xtile.thaumicforever.ancient_gold@32767 = 3xitem.ingotGold@0
[22:42:15] [Client thread/INFO] [FML]: Ignored smelting recipe with conflicting input: 1xtile.thaumicforever.ancient_coal@32767 = 4xitem.coal@0
[22:42:15] [Client thread/INFO] [FML]: Ignored smelting recipe with conflicting input: 1xtile.thaumicforever.ancient_cinnabar@32767 = 3xitem.quicksilver@0
[22:42:15] [Client thread/WARN] [FML]: ****************************************
[22:42:15] [Client thread/WARN] [FML]: * Invalid registration attempt for an Ore Dictionary item with name nitor has occurred. The registration has been denied to prevent crashes. The mod responsible for the registration needs to correct this.
[22:42:15] [Client thread/WARN] [FML]: *  at net.minecraftforge.oredict.OreDictionary.registerOreImpl(OreDictionary.java:660)
[22:42:15] [Client thread/WARN] [FML]: *  at net.minecraftforge.oredict.OreDictionary.registerOre(OreDictionary.java:646)
[22:42:15] [Client thread/WARN] [FML]: *  at com.koteuka404.thaumicforever.registry.OreDictionaryRegistration.registerOreDictionary(OreDictionaryRegistration.java:62)
[22:42:15] [Client thread/WARN] [FML]: *  at com.koteuka404.thaumicforever.ThaumicForever.init(ThaumicForever.java:437)
[22:42:15] [Client thread/WARN] [FML]: *  at sun.reflect.NativeMethodAccessorImpl.invoke0(Native Method)
[22:42:15] [Client thread/WARN] [FML]: *  at sun.reflect.NativeMethodAccessorImpl.invoke(NativeMethodAccessorImpl.java:62)...
[22:42:15] [Client thread/WARN] [FML]: ****************************************
[22:42:15] [Client thread/WARN] [FML]: Potentially Dangerous alternative prefix `thaumcraft` for name `mechanism_complex`, expected `thaumicforever`. This could be a intended override, but in most cases indicates a broken mod.
[22:42:15] [Client thread/INFO] [HammerLib]: Registering TESRs...
[22:42:15] [Client thread/INFO] [HammerLib]: Registered 8 TESRs.
[22:42:15] [Client thread/INFO] [journeymap]: JourneyMap log initialized.
[22:42:15] [Client thread/INFO] [journeymap]: initialize ENTER
[22:42:15] [Client thread/INFO] [journeymap]: [ClientAPI] built with JourneyMap API 1.4
[22:42:15] [Client thread/INFO] [journeymap]: Initializing plugins with Client API: journeymap.client.api.impl.ClientAPI
[22:42:15] [Client thread/INFO] [journeymap]: initialize EXIT, elapsed count 0 avg ?ms
[22:42:15] [Client thread/WARN] [FML]: Potentially Dangerous alternative prefix `thaumcraft` for name `stairsancient`, expected `thaumicaugmentation`. This could be a intended override, but in most cases indicates a broken mod.
[22:42:16] [Client thread/INFO] [planarartifice]: Research active
[22:42:16] [Client thread/INFO] [planarartifice]: [PA, CLIENT] net.minecraft.client.settings.KeyBinding@13635599
[22:42:16] [Client thread/INFO] [FML]: OBJLoader.MaterialLibrary: key 'Ns' (model: 'tg:models/block/toroid.mtl') is not currently supported, skipping
[22:42:16] [Client thread/INFO] [FML]: OBJModel: A color has already been defined for material 'Material.001' in 'tg:models/block/toroid.mtl'. The color defined by key 'Ks' will not be applied!
[22:42:16] [Client thread/INFO] [FML]: OBJLoader.MaterialLibrary: key 'Ke' (model: 'tg:models/block/toroid.mtl') is not currently supported, skipping
[22:42:16] [Client thread/INFO] [FML]: OBJLoader.MaterialLibrary: key 'Ni' (model: 'tg:models/block/toroid.mtl') is not currently supported, skipping
[22:42:16] [Client thread/INFO] [FML]: OBJLoader.MaterialLibrary: key 'illum' (model: 'tg:models/block/toroid.mtl') is not currently supported, skipping
[22:42:16] [Client thread/INFO] [STDOUT]: [com.ancient.thaumicgadgets.init.ModMultiBlocks:<init>:37]: InitMultiBlocks
[22:42:16] [Client thread/INFO] [thaumadditions]: Registering seals...
[22:42:16] [Client thread/INFO] [thaumadditions]:  -Aqua, None, None...
[22:42:16] [Client thread/INFO] [thaumadditions]:  -Terra, Terra, Terra...
[22:42:16] [Client thread/INFO] [thaumadditions]:  -Victus, Herba, None...
[22:42:16] [Client thread/INFO] [thaumadditions]:  -Instrumentum, Herba, None...
[22:42:16] [Client thread/INFO] [thaumadditions]:  -Instrumentum, Herba, Ordo...
[22:42:16] [Client thread/INFO] [thaumadditions]:  -Vacuos, Vacuos, Vacuos...
[22:42:16] [Client thread/INFO] [thaumadditions]:  -Praecantatio, Aer, Any...
[22:42:16] [Client thread/INFO] [thaumadditions]: -Registered 7 seals.
[22:42:16] [Client thread/WARN] [FML]: Potentially Dangerous alternative prefix `minecraft` for name `tb.decooldcobble`, expected `thaumicbases`. This could be a intended override, but in most cases indicates a broken mod.
[22:42:16] [Client thread/WARN] [FML]: Potentially Dangerous alternative prefix `minecraft` for name `tb.decooldcobblemossy`, expected `thaumicbases`. This could be a intended override, but in most cases indicates a broken mod.
[22:42:16] [Client thread/WARN] [FML]: Potentially Dangerous alternative prefix `minecraft` for name `tb.decooldgravel`, expected `thaumicbases`. This could be a intended override, but in most cases indicates a broken mod.
[22:42:16] [Client thread/WARN] [FML]: Potentially Dangerous alternative prefix `minecraft` for name `tb.decooldbrick`, expected `thaumicbases`. This could be a intended override, but in most cases indicates a broken mod.
[22:42:16] [Client thread/WARN] [FML]: Potentially Dangerous alternative prefix `minecraft` for name `tb.decooldlapis`, expected `thaumicbases`. This could be a intended override, but in most cases indicates a broken mod.
[22:42:16] [Client thread/WARN] [FML]: Potentially Dangerous alternative prefix `minecraft` for name `tb.decooldiron`, expected `thaumicbases`. This could be a intended override, but in most cases indicates a broken mod.
[22:42:16] [Client thread/WARN] [FML]: Potentially Dangerous alternative prefix `minecraft` for name `tb.decooldgold`, expected `thaumicbases`. This could be a intended override, but in most cases indicates a broken mod.
[22:42:16] [Client thread/WARN] [FML]: Potentially Dangerous alternative prefix `minecraft` for name `tb.decoolddiamond`, expected `thaumicbases`. This could be a intended override, but in most cases indicates a broken mod.
[22:42:16] [Client thread/WARN] [FML]: Potentially Dangerous alternative prefix `minecraft` for name `tb.smb`, expected `thaumicbases`. This could be a intended override, but in most cases indicates a broken mod.
[22:42:16] [Client thread/WARN] [FML]: Potentially Dangerous alternative prefix `minecraft` for name `tb.smbreturn`, expected `thaumicbases`. This could be a intended override, but in most cases indicates a broken mod.
[22:42:16] [Client thread/WARN] [FML]: Potentially Dangerous alternative prefix `minecraft` for name `tb.ironspike`, expected `thaumicbases`. This could be a intended override, but in most cases indicates a broken mod.
[22:42:16] [Client thread/WARN] [FML]: Potentially Dangerous alternative prefix `minecraft` for name `tb.thaumspike`, expected `thaumicbases`. This could be a intended override, but in most cases indicates a broken mod.
[22:42:16] [Client thread/WARN] [FML]: Potentially Dangerous alternative prefix `minecraft` for name `tb.voidspike`, expected `thaumicbases`. This could be a intended override, but in most cases indicates a broken mod.
[22:42:16] [Client thread/WARN] [FML]: Potentially Dangerous alternative prefix `minecraft` for name `tb.bchest`, expected `thaumicbases`. This could be a intended override, but in most cases indicates a broken mod.
[22:42:16] [Client thread/WARN] [FML]: Potentially Dangerous alternative prefix `minecraft` for name `tb.blegs`, expected `thaumicbases`. This could be a intended override, but in most cases indicates a broken mod.
[22:42:16] [Client thread/WARN] [FML]: Potentially Dangerous alternative prefix `minecraft` for name `tb.bboots`, expected `thaumicbases`. This could be a intended override, but in most cases indicates a broken mod.
[22:42:16] [Client thread/WARN] [FML]: Potentially Dangerous alternative prefix `minecraft` for name `tb.thaumanvil`, expected `thaumicbases`. This could be a intended override, but in most cases indicates a broken mod.
[22:42:16] [Client thread/WARN] [FML]: Potentially Dangerous alternative prefix `minecraft` for name `tb.mortal`, expected `thaumicbases`. This could be a intended override, but in most cases indicates a broken mod.
[22:42:16] [Client thread/WARN] [FML]: Potentially Dangerous alternative prefix `minecraft` for name `tb.greatpipe`, expected `thaumicbases`. This could be a intended override, but in most cases indicates a broken mod.
[22:42:16] [Client thread/WARN] [FML]: Potentially Dangerous alternative prefix `minecraft` for name `tb.syrop`, expected `thaumicbases`. This could be a intended override, but in most cases indicates a broken mod.
[22:42:16] [Client thread/WARN] [FML]: Potentially Dangerous alternative prefix `minecraft` for name `tb.relax`, expected `thaumicbases`. This could be a intended override, but in most cases indicates a broken mod.
[22:42:16] [Client thread/WARN] [FML]: Potentially Dangerous alternative prefix `minecraft` for name `tb.hunger`, expected `thaumicbases`. This could be a intended override, but in most cases indicates a broken mod.
[22:42:16] [Client thread/INFO] [thaumictinkerer]: Looks like we can shade with the best of them!
[22:42:16] [Client thread/INFO] [thaumictinkerer]: Initializing Telekenetic powers
[22:42:16] [Client thread/INFO] [thaumictinkerer]: Checked Mob Aspects
[22:42:16] [Client thread/INFO] [FML]: Injecting itemstacks
[22:42:16] [Client thread/INFO] [FML]: Itemstack injection complete
[22:42:16] [Client thread/INFO] [planarartificecore]: [PA, CORE] Transforming via leppa.planarartifice.core.TransformCraftingManager
[22:42:16] [Client thread/INFO] [planarartificecore]: [PA, CORE] Patching in generateTagsFromRecipes
[22:42:16] [Client thread/INFO] [planarartificecore]: [PA, CORE] Offset: 43, 176 > -1
[22:42:16] [Client thread/INFO] [planarartificecore]: [PA, CORE] Successfully patched in generateTagsFromRecipes
[22:42:17] [Client thread/INFO] [planarartifice]: [PA, ASPECT] Start registering Aspects
[22:42:17] [Client thread/INFO] [planarartifice]: [PA, ASPECT] Start registering Ingot Overhauls
[22:42:17] [Client thread/INFO] [planarartifice]: [PA, ORE] Ingot overhaul: ingotIron, [<aspect:metallum> * 10]
[22:42:17] [Client thread/INFO] [planarartifice]: [PA, ORE] Ingot overhaul: ingotGold, [<aspect:metallum> * 10, <aspect:desiderium> * 10]
[22:42:17] [Client thread/INFO] [planarartifice]: [PA, ORE] Ingot overhaul: gemQuartz, [<aspect:vitreus> * 10]
[22:42:17] [Client thread/INFO] [planarartifice]: [PA, ORE] Ingot overhaul: gemLapis, [<aspect:vitreus> * 10, <aspect:tinctura> * 20, <aspect:sensus> * 5, <aspect:desiderium> * 5]
[22:42:17] [Client thread/INFO] [planarartifice]: [PA, ORE] Ingot overhaul: gemDiamond, [<aspect:vitreus> * 10, <aspect:desiderium> * 10]
[22:42:17] [Client thread/INFO] [planarartifice]: [PA, ORE] Ingot overhaul: gemEmerald, [<aspect:vitreus> * 10, <aspect:desiderium> * 5, <aspect:humanus> * 5]
[22:42:17] [Client thread/INFO] [planarartifice]: [PA, ORE] Ingot overhaul: gemRuby, [<aspect:vitreus> * 10, <aspect:desiderium> * 5, <aspect:exanimis> * 5]
[22:42:17] [Client thread/INFO] [planarartifice]: [PA, ORE] Ingot overhaul: gemAmber, [<aspect:vitreus> * 10, <aspect:vinculum> * 10]
[22:42:17] [Client thread/INFO] [planarartifice]: [PA, ORE] Ingot overhaul: ingotCopper, [<aspect:metallum> * 10, <aspect:permutatio> * 5]
[22:42:17] [Client thread/INFO] [planarartifice]: [PA, ORE] Ingot overhaul: ingotTin, [<aspect:metallum> * 10, <aspect:vitreus> * 5]
[22:42:17] [Client thread/INFO] [planarartifice]: [PA, ORE] Ingot overhaul: ingotSilver, [<aspect:metallum> * 10, <aspect:desiderium> * 5, <aspect:spiritus> * 5]
[22:42:17] [Client thread/INFO] [planarartifice]: [PA, ORE] Ingot overhaul: ingotLead, [<aspect:metallum> * 10, <aspect:ordo> * 5]
[22:42:17] [Client thread/INFO] [planarartifice]: [PA, ORE] Ingot overhaul: ingotCopper, [<aspect:metallum> * 10, <aspect:permutatio> * 5]
[22:42:17] [Client thread/INFO] [planarartifice]: [PA, ORE] Ingot overhaul: ingotAlkimium, [<aspect:metallum> * 10, <aspect:alkimia> * 5]
[22:42:17] [Client thread/INFO] [planarartifice]: [PA, ORE] Ingot overhaul: ingotBismuth, [<aspect:metallum> * 10, <aspect:tinctura> * 5]
[22:42:17] [Client thread/INFO] [THAUMCRAFT]: Loaded 2 research entries from crimsonrevelations:research/compat/thaumic_augmentation
[22:42:17] [Client thread/INFO] [THAUMCRAFT]: Loaded 1 research entries from thaumicwonders:research/optional/void_walker_boots
[22:42:17] [Client thread/INFO] [THAUMCRAFT]: Loaded 1 research entries from crimsonrevelations:research/alchemy
[22:42:17] [Client thread/INFO] [THAUMCRAFT]: Loaded 9 research entries from thaumicwonders:research/infusion
[22:42:17] [Client thread/INFO] [THAUMCRAFT]: Loaded 1 research entries from thaumicwonders:research/scans
[22:42:17] [Client thread/INFO] [THAUMCRAFT]: Loaded 1 research entries from thaumicwonders:research/misc
[22:42:17] [Client thread/INFO] [THAUMCRAFT]: Loaded 8 research entries from thaumicaugmentation:research/warded.json
[22:42:17] [Client thread/INFO] [THAUMCRAFT]: Loaded 10 research entries from thaumicaugmentation:research/impetus.json
[22:42:17] [Client thread/INFO] [THAUMCRAFT]: Loaded 23 research entries from thaumcraft:research/auromancy
[22:42:17] [Client thread/INFO] [THAUMCRAFT]: Loaded 3 research entries from planarartifice:research/compat_ta.json
[22:42:17] [Client thread/INFO] [THAUMCRAFT]: Loaded 13 research entries from thaumicforever:research/primal_research
[22:42:17] [Client thread/INFO] [THAUMCRAFT]: Loaded 0 research entries from thaumicforever:research/add_bases
[22:42:17] [Client thread/INFO] [THAUMCRAFT]: Loaded 17 research entries from thaumcraft:research/infusion
[22:42:17] [Client thread/INFO] [THAUMCRAFT]: Loaded 5 research entries from crimsonrevelations:research/auromancy
[22:42:17] [Client thread/INFO] [THAUMCRAFT]: Loaded 1 research entries from crimsonrevelations:research/optional/purifying_shovel
[22:42:17] [Client thread/INFO] [THAUMCRAFT]: Loaded 4 research entries from thaumictinkerer:research/foci
[22:42:17] [Client thread/INFO] [THAUMCRAFT]: Loaded 8 research entries from thaumicaugmentation:research/casting.json
[22:42:17] [Client thread/INFO] [THAUMCRAFT]: Loaded 4 research entries from crimsonrevelations:research/bestiary
[22:42:17] [Client thread/WARN] [THAUMCRAFT]: Research file not found: forbiddenmagicre:research/tc4research.json
[22:42:17] [Client thread/INFO] [THAUMCRAFT]: Loaded 36 research entries from planarartifice:research/main.json
[22:42:17] [Client thread/INFO] [THAUMCRAFT]: Loaded 1 research entries from crimsonrevelations:research/optional/litmus_paper
[22:42:17] [Client thread/INFO] [THAUMCRAFT]: Loaded 11 research entries from thaumictinkerer:research/misc
[22:42:17] [Client thread/INFO] [THAUMCRAFT]: Loaded 1 research entries from thaumicaugmentation:research/ward_foci_coremod.json
[22:42:17] [Client thread/INFO] [THAUMCRAFT]: Loaded 29 research entries from thaumcraft:research/golemancy
[22:42:17] [Client thread/INFO] [THAUMCRAFT]: Loaded 1 research entries from thaumicwonders:research/optional/warp_ring
[22:42:17] [Client thread/INFO] [THAUMCRAFT]: Loaded 19 research entries from thaumictinkerer:research/kami
[22:42:17] [Client thread/INFO] [THAUMCRAFT]: Loaded 5 research entries from thaumicaugmentation:research/construct.json
[22:42:17] [Client thread/INFO] [THAUMCRAFT]: Loaded 1 research entries from isorropia:research/tb_compat.json
[22:42:17] [Client thread/INFO] [THAUMCRAFT]: Loaded 5 research entries from thaumicaugmentation:research/gear.json
[22:42:17] [Client thread/INFO] [THAUMCRAFT]: Loaded 1 research entries from thaumicwonders:research/optional/sharing_tome
[22:42:17] [Client thread/WARN] [THAUMCRAFT]: Research [NODEMAGNET] not added as it overlaps with existing research [BUFFSTABILIZER] at 8,-4
[22:42:17] [Client thread/INFO] [THAUMCRAFT]: Loaded 91 research entries from thaumicforever:research/forever_research
[22:42:17] [Client thread/INFO] [THAUMCRAFT]: Loaded 38 research entries from isorropia:research/isorropia.json
[22:42:17] [Client thread/INFO] [THAUMCRAFT]: Loaded 1 research entries from crimsonrevelations:research/optional/distortion_pickaxe
[22:42:17] [Client thread/INFO] [THAUMCRAFT]: Loaded 1 research entries from thaumicaugmentation:research/alchemy.json
[22:42:17] [Client thread/INFO] [THAUMCRAFT]: Loaded 2 research entries from thaumicwonders:research/golemancy
[22:42:17] [Client thread/INFO] [THAUMCRAFT]: Loaded 4 research entries from thaumicaugmentation:research/misc.json
[22:42:17] [Client thread/INFO] [THAUMCRAFT]: Loaded 31 research entries from thaumicbases:research/researchtb.json
[22:42:17] [Client thread/INFO] [THAUMCRAFT]: Loaded 4 research entries from crimsonrevelations:research/research
[22:42:17] [Client thread/INFO] [THAUMCRAFT]: Loaded 20 research entries from thaumcraft:research/basics
[22:42:17] [Client thread/INFO] [THAUMCRAFT]: Loaded 20 research entries from thaumcraft:research/artifice
[22:42:17] [Client thread/INFO] [THAUMCRAFT]: Loaded 2 research entries from thaumictinkerer:research/baubles
[22:42:17] [Client thread/INFO] [THAUMCRAFT]: Loaded 1 research entries from thaumicwonders:research/auromancy
[22:42:17] [Client thread/INFO] [THAUMCRAFT]: Loaded 7 research entries from thaumictinkerer:research/machines
[22:42:17] [Client thread/INFO] [THAUMCRAFT]: Loaded 4 research entries from crimsonrevelations:research/golemancy
[22:42:17] [Client thread/INFO] [THAUMCRAFT]: Loaded 13 research entries from thaumicwonders:research/eldritch
[22:42:17] [Client thread/INFO] [THAUMCRAFT]: Loaded 4 research entries from crimsonrevelations:research/revelations
[22:42:17] [Client thread/INFO] [THAUMCRAFT]: Loaded 22 research entries from thaumcraft:research/alchemy
[22:42:17] [Client thread/INFO] [THAUMCRAFT]: Loaded 15 research entries from forbiddenmagicre:research/research.json
[22:42:17] [Client thread/INFO] [THAUMCRAFT]: Loaded 39 research entries from tg:research/thaumic_gadgets
[22:42:17] [Client thread/INFO] [THAUMCRAFT]: Loaded 1 research entries from crimsonrevelations:research/optional/nutrition_ring
[22:42:17] [Client thread/INFO] [THAUMCRAFT]: Loaded 4 research entries from thaumicaugmentation:research/foci.json
[22:42:17] [Client thread/INFO] [THAUMCRAFT]: Loaded 1 research entries from thaumicforever:research/primal_thaumadditions_research
[22:42:17] [Client thread/INFO] [THAUMCRAFT]: Loaded 2 research entries from planarartifice:research/metal_3.json
[22:42:17] [Client thread/INFO] [THAUMCRAFT]: Loaded 1 research entries from crimsonrevelations:research/optional/ethereal_bloom
[22:42:17] [Client thread/INFO] [THAUMCRAFT]: Loaded 5 research entries from thaumcraft:research/eldritch
[22:42:17] [Client thread/INFO] [THAUMCRAFT]: Loaded 12 research entries from thaumcraft:research/scans
[22:42:17] [Client thread/INFO] [THAUMCRAFT]: Loaded 13 research entries from thaumicwonders:research/alchemy
[22:42:17] [Client thread/INFO] [THAUMCRAFT]: Loaded 5 research entries from thaumicwonders:research/artifice
[22:42:17] [Client thread/INFO] [THAUMCRAFT]: Loaded 24 research entries from thaumicconcilium:research/research.json
[22:42:17] [Client thread/INFO] [THAUMCRAFT]: Loaded 9 research entries from crimsonrevelations:research/infusion
[22:42:17] [Client thread/INFO] [THAUMCRAFT]: Loaded 6 research entries from thaumicaugmentation:research/baubles.json
[22:42:17] [Client thread/INFO] [THAUMCRAFT]: Loaded 14 research entries from thaumicaugmentation:research/void.json
[22:42:17] [Client thread/INFO] [THAUMCRAFT]: Loaded 5 research entries from crimsonrevelations:research/compat/thaumcraft
[22:42:17] [Client thread/INFO] [thaumicforever]: Loaded 295 Void Beacon output entries from C:\jaba\run\config\thaumicforever\void_beacon_outputs.json
[22:42:17] [Client thread/WARN] [thaumicforever]: Replaced 1 ScanSky scanner(s) with SafeScanSky
[22:42:17] [Client thread/ERROR] [journeymap]: Couldn't locate icons for Default: C:\jaba\run\.\mods\journeymap_1.12.2_5.7.1%20(1).jar\assets\journeymap\icon\entity
[22:42:17] [Client thread/INFO] [journeymap]: Added entity icons from journeymap:icon/entity. Success: false
[22:42:17] [Client thread/ERROR] [journeymap]: Couldn't locate icons for flat: C:\jaba\run\.\mods\journeymap_1.12.2_5.7.1%20(1).jar\assets\journeymap\theme\flat
[22:42:17] [Client thread/INFO] [journeymap]: Preloaded theme textures: 0
[22:42:17] [Client thread/INFO] [thaumicaugmentation]: The following mods were detected and have integration enabled:
[22:42:17] [Client thread/INFO] [planarartifice]: [PA, ASPECT] Start registering Entity Aspects
[22:42:17] [Client thread/INFO] [thaumadditions]: Registering scans and researches.
[22:42:17] [Client thread/INFO] [THAUMCRAFT]: Loaded 5 research entries from oldresearch:research.json
[22:42:18] [Client thread/INFO] [jei]: Starting JEI...
[22:42:18] [Client thread/INFO] [jei]: Registering recipe categories...
[22:42:18] [Client thread/INFO] [jei]: Registering recipe categories took 35.66 ms
[22:42:18] [Client thread/INFO] [jei]: Registering mod plugins...
[22:42:18] [Client thread/ERROR] [jei]: Recipe has no output. Thaumic Forever thaumicforever:panel0
Outputs:
net.minecraft.item.ItemStack: [[]]
Inputs:
net.minecraft.item.ItemStack: [[], [], [], [], [1xitem.thaumium_core@0 thaumicforever:thaumium_core], [], [], [], []]
[22:42:18] [Client thread/ERROR] [jei]: Recipe has no output. Thaumic Forever thaumicforever:panel1
Outputs:
net.minecraft.item.ItemStack: [[]]
Inputs:
net.minecraft.item.ItemStack: [[], [], [], [], [1xitem.void_core@0 thaumicforever:void_core], [], [], [], []]
[22:42:18] [Client thread/ERROR] [jei]: Recipe has no output. New Crimson Revelations crimsonrevelations:verdant_charm_to_ring
Outputs:
net.minecraft.item.ItemStack: [[]]
Inputs:
net.minecraft.item.ItemStack: [[1xitem.verdant_charm@0 thaumcraft:verdant_charm]]
[22:42:18] [Client thread/ERROR] [jei]: Recipe has no output. New Crimson Revelations crimsonrevelations:verdant_ring_to_charm
Outputs:
net.minecraft.item.ItemStack: [[]]
Inputs:
net.minecraft.item.ItemStack: [[1xitem.crimsonrevelations.verdant_ring@0 crimsonrevelations:verdant_ring]]
[22:42:18] [ThaumicJEI Aspect Cache/INFO] [thaumicjei]: Starting Aspect ItemStack Thread.
[22:42:18] [ThaumicJEI Aspect Cache/INFO] [thaumicjei]: Trying to cache 3925 aspects.
[22:42:18] [ThaumicJEI Aspect Cache/INFO] [thaumicjei]: Removed 0 items that are blacklisted
[22:42:18] [Client thread/INFO] [thaumicjei]: Parsed aspect file in 46ms
[22:42:18] [Client thread/INFO] [jei]: Registering mod plugins took 232.6 ms
[22:42:18] [Client thread/INFO] [jei]: Building recipe registry...
[22:42:18] [Client thread/INFO] [thaumicaugmentationcore]: Successfully transformed class thaumcraft.common.lib.utils.InventoryUtils
[22:42:18] [Client thread/ERROR] [jei]: Found a broken recipe: com.buuz135.thaumicjei.category.InfusionCategory$InfusionWrapper@1852973c
Outputs:
net.minecraft.item.ItemStack: [[1xtile.thaumadditions:crystal_crusher@0 thaumadditions:crystal_crusher]]
Inputs:
thaumcraft.api.aspects.AspectList: [[], [], []]
net.minecraft.item.ItemStack: [[1xitem.mechanism_complex@0 thaumcraft:mechanism_complex], [1xitem.crystal_essence@0 thaumcraft:crystal_essence nbt:{Aspects:[{amount:1,key:"aer"}]}], [1xitem.crystal_essence@0 thaumcraft:crystal_essence nbt:{Aspects:[{amount:1,key:"terra"}]}], [1xitem.crystal_essence@0 thaumcraft:crystal_essence nbt:{Aspects:[{amount:1,key:"ignis"}]}], [1xitem.crystal_essence@0 thaumcraft:crystal_essence nbt:{Aspects:[{amount:1,key:"aqua"}]}], [1xitem.crystal_essence@0 thaumcraft:crystal_essence nbt:{Aspects:[{amount:1,key:"ordo"}]}], [1xitem.crystal_essence@0 thaumcraft:crystal_essence nbt:{Aspects:[{amount:1,key:"perditio"}]}], [1xitem.plate@2 thaumcraft:plate], [1xitem.plate@2 thaumcraft:plate], [1xitem.plate@2 thaumcraft:plate], [1xtile.slab_arcane_stone@0 thaumcraft:slab_arcane_stone], [1xtile.slab_arcane_stone@0 thaumcraft:slab_arcane_stone], [1xtile.slab_arcane_stone@0 thaumcraft:slab_arcane_stone], [1xitem.thaumadditions:salt_essence@0 thaumadditions:salt_essence], [1xitem.thaumadditions:salt_essence@0 thaumadditions:salt_essence]]

java.lang.NullPointerException: null
	at org.zeith.thaumicadditions.compat.jei.ThaumAddJEI.lambda$registerItemSubtypes$0(ThaumAddJEI.java:38) ~[ThaumAddJEI.class:?]
	at mezz.jei.api.ISubtypeRegistry$ISubtypeInterpreter.getSubtypeInfo(ISubtypeRegistry.java:86) ~[ISubtypeRegistry$ISubtypeInterpreter.class:?]
	at mezz.jei.runtime.SubtypeRegistry.getSubtypeInfo(SubtypeRegistry.java:51) ~[SubtypeRegistry.class:?]
	at mezz.jei.startup.StackHelper.getUniqueIdentifierForStack(StackHelper.java:408) ~[StackHelper.class:?]
	at mezz.jei.startup.StackHelper.getUniqueIdentifierForStack(StackHelper.java:385) ~[StackHelper.class:?]
	at mezz.jei.plugins.vanilla.ingredients.item.ItemStackHelper.getUniqueId(ItemStackHelper.java:72) ~[ItemStackHelper.class:?]
	at mezz.jei.plugins.vanilla.ingredients.item.ItemStackHelper.getUniqueId(ItemStackHelper.java:29) ~[ItemStackHelper.class:?]
	at mezz.jei.recipes.RecipeMap.addRecipe(RecipeMap.java:93) ~[RecipeMap.class:?]
	at mezz.jei.recipes.RecipeMap.addRecipe(RecipeMap.java:74) ~[RecipeMap.class:?]
	at mezz.jei.recipes.RecipeRegistry.addRecipeUnchecked(RecipeRegistry.java:273) ~[RecipeRegistry.class:?]
	at mezz.jei.recipes.RecipeRegistry.addRecipe(RecipeRegistry.java:259) [RecipeRegistry.class:?]
	at mezz.jei.recipes.RecipeRegistry.addRecipe(RecipeRegistry.java:231) [RecipeRegistry.class:?]
	at mezz.jei.recipes.RecipeRegistry.addRecipes(RecipeRegistry.java:168) [RecipeRegistry.class:?]
	at mezz.jei.recipes.RecipeRegistry.<init>(RecipeRegistry.java:95) [RecipeRegistry.class:?]
	at mezz.jei.startup.ModRegistry.createRecipeRegistry(ModRegistry.java:335) [ModRegistry.class:?]
	at mezz.jei.startup.JeiStarter.start(JeiStarter.java:77) [JeiStarter.class:?]
	at mezz.jei.startup.ProxyCommonClient.loadComplete(ProxyCommonClient.java:136) [ProxyCommonClient.class:?]
	at mezz.jei.JustEnoughItems.loadComplete(JustEnoughItems.java:55) [JustEnoughItems.class:?]
	at sun.reflect.NativeMethodAccessorImpl.invoke0(Native Method) ~[?:1.8.0_412]
	at sun.reflect.NativeMethodAccessorImpl.invoke(NativeMethodAccessorImpl.java:62) ~[?:1.8.0_412]
	at sun.reflect.DelegatingMethodAccessorImpl.invoke(DelegatingMethodAccessorImpl.java:43) ~[?:1.8.0_412]
	at java.lang.reflect.Method.invoke(Method.java:498) ~[?:1.8.0_412]
	at net.minecraftforge.fml.common.FMLModContainer.handleModStateEvent(FMLModContainer.java:626) [FMLModContainer.class:?]
	at sun.reflect.GeneratedMethodAccessor9.invoke(Unknown Source) ~[?:?]
	at sun.reflect.DelegatingMethodAccessorImpl.invoke(DelegatingMethodAccessorImpl.java:43) ~[?:1.8.0_412]
	at java.lang.reflect.Method.invoke(Method.java:498) ~[?:1.8.0_412]
	at com.google.common.eventbus.Subscriber.invokeSubscriberMethod(Subscriber.java:91) [guava-21.0.jar:?]
	at com.google.common.eventbus.Subscriber$SynchronizedSubscriber.invokeSubscriberMethod(Subscriber.java:150) [guava-21.0.jar:?]
	at com.google.common.eventbus.Subscriber$1.run(Subscriber.java:76) [guava-21.0.jar:?]
	at com.google.common.util.concurrent.MoreExecutors$DirectExecutor.execute(MoreExecutors.java:399) [guava-21.0.jar:?]
	at com.google.common.eventbus.Subscriber.dispatchEvent(Subscriber.java:71) [guava-21.0.jar:?]
	at com.google.common.eventbus.Dispatcher$PerThreadQueuedDispatcher.dispatch(Dispatcher.java:116) [guava-21.0.jar:?]
	at com.google.common.eventbus.EventBus.post(EventBus.java:217) [guava-21.0.jar:?]
	at net.minecraftforge.fml.common.LoadController.sendEventToModContainer(LoadController.java:219) [LoadController.class:?]
	at net.minecraftforge.fml.common.LoadController.propogateStateMessage(LoadController.java:197) [LoadController.class:?]
	at sun.reflect.NativeMethodAccessorImpl.invoke0(Native Method) ~[?:1.8.0_412]
	at sun.reflect.NativeMethodAccessorImpl.invoke(NativeMethodAccessorImpl.java:62) ~[?:1.8.0_412]
	at sun.reflect.DelegatingMethodAccessorImpl.invoke(DelegatingMethodAccessorImpl.java:43) ~[?:1.8.0_412]
	at java.lang.reflect.Method.invoke(Method.java:498) ~[?:1.8.0_412]
	at com.google.common.eventbus.Subscriber.invokeSubscriberMethod(Subscriber.java:91) [guava-21.0.jar:?]
	at com.google.common.eventbus.Subscriber$SynchronizedSubscriber.invokeSubscriberMethod(Subscriber.java:150) [guava-21.0.jar:?]
	at com.google.common.eventbus.Subscriber$1.run(Subscriber.java:76) [guava-21.0.jar:?]
	at com.google.common.util.concurrent.MoreExecutors$DirectExecutor.execute(MoreExecutors.java:399) [guava-21.0.jar:?]
	at com.google.common.eventbus.Subscriber.dispatchEvent(Subscriber.java:71) [guava-21.0.jar:?]
	at com.google.common.eventbus.Dispatcher$PerThreadQueuedDispatcher.dispatch(Dispatcher.java:116) [guava-21.0.jar:?]
	at com.google.common.eventbus.EventBus.post(EventBus.java:217) [guava-21.0.jar:?]
	at net.minecraftforge.fml.common.LoadController.distributeStateMessage(LoadController.java:136) [LoadController.class:?]
	at net.minecraftforge.fml.common.Loader.initializeMods(Loader.java:752) [Loader.class:?]
	at net.minecraftforge.fml.client.FMLClientHandler.finishMinecraftLoading(FMLClientHandler.java:336) [FMLClientHandler.class:?]
	at net.minecraft.client.Minecraft.init(Minecraft.java:582) [Minecraft.class:?]
	at net.minecraft.client.Minecraft.run(Minecraft.java:422) [Minecraft.class:?]
	at net.minecraft.client.main.Main.main(Main.java:118) [Main.class:?]
	at sun.reflect.NativeMethodAccessorImpl.invoke0(Native Method) ~[?:1.8.0_412]
	at sun.reflect.NativeMethodAccessorImpl.invoke(NativeMethodAccessorImpl.java:62) ~[?:1.8.0_412]
	at sun.reflect.DelegatingMethodAccessorImpl.invoke(DelegatingMethodAccessorImpl.java:43) ~[?:1.8.0_412]
	at java.lang.reflect.Method.invoke(Method.java:498) ~[?:1.8.0_412]
	at net.minecraft.launchwrapper.Launch.launch(Launch.java:135) [launchwrapper-1.12.jar:?]
	at net.minecraft.launchwrapper.Launch.main(Launch.java:28) [launchwrapper-1.12.jar:?]
	at sun.reflect.NativeMethodAccessorImpl.invoke0(Native Method) ~[?:1.8.0_412]
	at sun.reflect.NativeMethodAccessorImpl.invoke(NativeMethodAccessorImpl.java:62) ~[?:1.8.0_412]
	at sun.reflect.DelegatingMethodAccessorImpl.invoke(DelegatingMethodAccessorImpl.java:43) ~[?:1.8.0_412]
	at java.lang.reflect.Method.invoke(Method.java:498) ~[?:1.8.0_412]
	at net.minecraftforge.gradle.GradleStartCommon.launch(GradleStartCommon.java:97) [start/:?]
	at GradleStart.main(GradleStart.java:25) [start/:?]
[22:42:18] [Client thread/INFO] [jei]: Building recipe registry took 180.2 ms
[22:42:18] [Client thread/INFO] [jei]: Building ingredient list...
[22:42:18] [Client thread/INFO] [jei]: Building ingredient list took 84.43 ms
[22:42:18] [Client thread/INFO] [jei]: Building ingredient filter...
[22:42:18] [Client thread/INFO] [jei]: Building ingredient filter took 195.6 ms
[22:42:18] [Client thread/INFO] [jei]: Building bookmarks...
[22:42:18] [Client thread/INFO] [jei]: Building bookmarks took 5.302 ms
[22:42:18] [Client thread/INFO] [jei]: Building runtime...
[22:42:18] [Client thread/INFO] [jei]: Building runtime took 52.30 ms
[22:42:18] [Client thread/INFO] [jei]: Starting JEI took 892.6 ms
[22:42:18] [Client thread/INFO] [Waila]: Starting Waila...
[22:42:18] [Client thread/INFO] [Waila]: Gathering annotated plugins...
[22:42:18] [Client thread/INFO] [Waila]: Gathering wrapped IMC plugins...
[22:42:18] [Client thread/INFO] [Waila]: Registering plugins...
[22:42:18] [Client thread/INFO] [Waila]: Registering plugin at mcp.mobius.waila.addons.core.PluginCore
[22:42:18] [Client thread/INFO] [Waila]: Registering plugin at mcp.mobius.waila.addons.minecraft.PluginMinecraft
[22:42:18] [Client thread/INFO] [Waila]: Registering plugin at mcp.mobius.waila.addons.capability.PluginCapability
[22:42:18] [Client thread/INFO] [Waila]: Registering plugin at com.zeitheron.hammercore.compat.waila.GetWaila
[22:42:18] [Client thread/INFO] [HammerLib]: Waila API hooked!
[22:42:18] [Client thread/INFO] [Waila]: Starting Waila took 51.93 ms
[22:42:19] [Client thread/INFO] [FML]: Forge Mod Loader has successfully loaded 32 mods
[22:42:19] [Client thread/INFO] [HammerLib]: Created Hammer Core Gui Config Factory!
[22:42:19] [Client thread/WARN] [net.minecraft.client.settings.GameSettings]: Skipping bad option: lastServer:
[22:42:19] [Client thread/INFO] [com.mojang.text2speech.NarratorWindows]: Narrator library for x64 successfully loaded
[22:42:19] [ThaumicJEI Aspect Cache/INFO] [thaumicjei]: Finished Aspect ItemStack Thread.
[22:42:19] [Client thread/ERROR] [FML.TEXTURE_ERRORS]: +=+=+=+=+=+=+=+=+=+=+=+=+=+=+=+=+=+=+=+=+=+=+=+=+=
[22:42:19] [Client thread/ERROR] [FML.TEXTURE_ERRORS]: The following texture errors were found.
[22:42:19] [Client thread/ERROR] [FML.TEXTURE_ERRORS]: ==================================================
[22:42:19] [Client thread/ERROR] [FML.TEXTURE_ERRORS]:   DOMAIN minecraft
[22:42:19] [Client thread/ERROR] [FML.TEXTURE_ERRORS]: --------------------------------------------------
[22:42:19] [Client thread/ERROR] [FML.TEXTURE_ERRORS]:   domain minecraft is missing 2 textures
[22:42:19] [Client thread/ERROR] [FML.TEXTURE_ERRORS]:     domain minecraft has 9 locations:
[22:42:19] [Client thread/ERROR] [FML.TEXTURE_ERRORS]:       unknown resourcepack type net.minecraft.client.resources.DefaultResourcePack : Default
[22:42:19] [Client thread/ERROR] [FML.TEXTURE_ERRORS]:       unknown resourcepack type net.minecraft.client.resources.LegacyV2Adapter : FMLFileResourcePack:Forge Mod Loader
[22:42:19] [Client thread/ERROR] [FML.TEXTURE_ERRORS]:       unknown resourcepack type net.minecraft.client.resources.LegacyV2Adapter : FMLFileResourcePack:Minecraft Forge
[22:42:19] [Client thread/ERROR] [FML.TEXTURE_ERRORS]:       mod thaumcraft resources at C:\Users\home\.gradle\caches\minecraft\deobfedDeps\deobf\com\azanor\Thaumcraft\1.12.2-6.1.BETA26\Thaumcraft-1.12.2-6.1.BETA26.jar
[22:42:19] [Client thread/ERROR] [FML.TEXTURE_ERRORS]:       unknown resourcepack type net.minecraft.client.resources.LegacyV2Adapter : FMLFileResourcePack:JourneyMap
[22:42:19] [Client thread/ERROR] [FML.TEXTURE_ERRORS]:       mod planarartifice resources at .\mods\planarartifice-1.4.0-pre7.jar
[22:42:19] [Client thread/ERROR] [FML.TEXTURE_ERRORS]:       mod tg resources at .\mods\Thaumic_Gadgets_1.12.2_0.1.6_tb.26.jar
[22:42:19] [Client thread/ERROR] [FML.TEXTURE_ERRORS]:       mod thaumictinkerer resources at .\mods\thaumictinkerer-1.12.2-5.9.15-Unofficial.jar
[22:42:19] [Client thread/ERROR] [FML.TEXTURE_ERRORS]:       unknown resourcepack type com.zeitheron.hammercore.api.inconnect.EmptyModelPack : HammerCore Connected Models
[22:42:19] [Client thread/ERROR] [FML.TEXTURE_ERRORS]: -------------------------
[22:42:19] [Client thread/ERROR] [FML.TEXTURE_ERRORS]:     The missing resources for domain minecraft are:
[22:42:19] [Client thread/ERROR] [FML.TEXTURE_ERRORS]:       textures/.png
[22:42:19] [Client thread/ERROR] [FML.TEXTURE_ERRORS]:       textures/items/fish.png
[22:42:19] [Client thread/ERROR] [FML.TEXTURE_ERRORS]: -------------------------
[22:42:19] [Client thread/ERROR] [FML.TEXTURE_ERRORS]:     No other errors exist for domain minecraft
[22:42:19] [Client thread/ERROR] [FML.TEXTURE_ERRORS]: ==================================================
[22:42:19] [Client thread/ERROR] [FML.TEXTURE_ERRORS]: ==================================================
[22:42:19] [Client thread/ERROR] [FML.TEXTURE_ERRORS]:   DOMAIN isorropia
[22:42:19] [Client thread/ERROR] [FML.TEXTURE_ERRORS]: --------------------------------------------------
[22:42:19] [Client thread/ERROR] [FML.TEXTURE_ERRORS]:   domain isorropia is missing 0 textures
[22:42:19] [Client thread/ERROR] [FML.TEXTURE_ERRORS]:     domain isorropia has 2 locations:
[22:42:19] [Client thread/ERROR] [FML.TEXTURE_ERRORS]:       mod isorropia resources at .\mods\isorropia-1.12.2-kedition-2.1.4.jar
[22:42:19] [Client thread/ERROR] [FML.TEXTURE_ERRORS]:       unknown resourcepack type com.zeitheron.hammercore.api.inconnect.EmptyModelPack : HammerCore Connected Models
[22:42:19] [Client thread/ERROR] [FML.TEXTURE_ERRORS]: -------------------------
[22:42:19] [Client thread/ERROR] [FML.TEXTURE_ERRORS]:     The following other errors were reported for domain isorropia:
[22:42:19] [Client thread/ERROR] [FML.TEXTURE_ERRORS]: -------------------------
[22:42:19] [Client thread/ERROR] [FML.TEXTURE_ERRORS]:     Problem: broken aspect ratio and not an animation
[22:42:19] [Client thread/ERROR] [FML.TEXTURE_ERRORS]:       textures/models/corpseeffigy.png
[22:42:19] [Client thread/ERROR] [FML.TEXTURE_ERRORS]: ==================================================
[22:42:19] [Client thread/ERROR] [FML.TEXTURE_ERRORS]: ==================================================
[22:42:19] [Client thread/ERROR] [FML.TEXTURE_ERRORS]:   DOMAIN thaumicforever
[22:42:19] [Client thread/ERROR] [FML.TEXTURE_ERRORS]: --------------------------------------------------
[22:42:19] [Client thread/ERROR] [FML.TEXTURE_ERRORS]:   domain thaumicforever is missing 2 textures
[22:42:19] [Client thread/ERROR] [FML.TEXTURE_ERRORS]:     domain thaumicforever has 3 locations:
[22:42:19] [Client thread/ERROR] [FML.TEXTURE_ERRORS]:       mod thaumicforever resources at C:\jaba\build\libs\ThaumicForever-7.1.6.jar
[22:42:19] [Client thread/ERROR] [FML.TEXTURE_ERRORS]:       mod oldresearch resources at C:\jaba\build\libs\ThaumicForever-7.1.6.jar
[22:42:19] [Client thread/ERROR] [FML.TEXTURE_ERRORS]:       unknown resourcepack type com.zeitheron.hammercore.api.inconnect.EmptyModelPack : HammerCore Connected Models
[22:42:19] [Client thread/ERROR] [FML.TEXTURE_ERRORS]: -------------------------
[22:42:19] [Client thread/ERROR] [FML.TEXTURE_ERRORS]:     The missing resources for domain thaumicforever are:
[22:42:19] [Client thread/ERROR] [FML.TEXTURE_ERRORS]:       textures/items/mechanism_improved.png
[22:42:19] [Client thread/ERROR] [FML.TEXTURE_ERRORS]:       textures/items/katana.png.png
[22:42:19] [Client thread/ERROR] [FML.TEXTURE_ERRORS]: -------------------------
[22:42:19] [Client thread/ERROR] [FML.TEXTURE_ERRORS]:     No other errors exist for domain thaumicforever
[22:42:19] [Client thread/ERROR] [FML.TEXTURE_ERRORS]: ==================================================
[22:42:19] [Client thread/ERROR] [FML.TEXTURE_ERRORS]: +=+=+=+=+=+=+=+=+=+=+=+=+=+=+=+=+=+=+=+=+=+=+=+=+=
[22:42:19] [Client thread/INFO] [ThaumicAdditionsCore]: Transforming thaumcraft.common.lib.events.EssentiaHandler (thaumcraft.common.lib.events.EssentiaHandler)...
[22:42:19] [Client thread/INFO] [ThaumicAdditionsCore]:   -Applying org.zeith.thaumicadditions.asm.mixins.EssentiaHandlerMixin into thaumcraft/common/lib/events/EssentiaHandler
[22:42:19] [Client thread/INFO] [planarartificecore]: [PA, CORE] Transforming via leppa.planarartifice.core.TransformDrawKnowledge
[22:42:19] [Client thread/INFO] [planarartificecore]: [PA, CORE] Patching in drawKnowledges rows
[22:42:19] [Client thread/INFO] [planarartificecore]: [PA, CORE] Offset: 75, 21 > 3
[22:42:19] [Client thread/INFO] [planarartificecore]: [PA, CORE] Successfully patched in drawKnowledges rows
[22:42:19] [Client thread/INFO] [thaumicaugmentationcore]: Successfully transformed class thaumcraft.client.gui.GuiResearchPage
[22:42:19] [Client thread/INFO] [thaumicaugmentationcore]: Successfully transformed class thaumcraft.common.lib.utils.InventoryUtils
[22:42:19] [Client thread/INFO] [Hammer Core [ASM]]: Transforming net.minecraft.client.renderer.RenderItem (net.minecraft.client.renderer.RenderItem)...
[22:42:19] [Client thread/INFO] [Hammer Core [ASM]]:   -Coloring Item Glint...
[22:42:19] [Client thread/INFO] [Hammer Core [ASM]]:     -Sending instructions to RenderItem for function renderItem
[22:42:19] [Client thread/INFO] [Hammer Core [ASM]]:     -Sending instructions to RenderItem for function renderEffect
[22:42:19] [Client thread/INFO] [Hammer Core [ASM]]:     -Sending instructions to RenderItem for function renderItemModel
[22:42:19] [Client thread/INFO] [Hammer Core [ASM]]:     -Sending instructions to RenderItem for function renderItemModelIntoGUI
[22:42:19] [Client thread/INFO] [thaumicaugmentationcore]: Successfully transformed class net.minecraft.client.entity.EntityPlayerSP
[22:42:19] [Realms Notification Availability checker #1/INFO] [com.mojang.realmsclient.client.RealmsClient]: Could not authorize you against Realms server: java.lang.RuntimeException: Failed to parse into SignedJWT: FML
[22:42:55] [Forge Version Check/INFO] [forge.VersionCheck]: [thaumadditions] Starting version check at https://api.modrinth.com/updates/Fi4BbtaL/forge_updates.json
[22:42:57] [Forge Version Check/INFO] [forge.VersionCheck]: [thaumadditions] Found status: UP_TO_DATE Target: null
[22:42:57] [Forge Version Check/INFO] [forge.VersionCheck]: [forge] Starting version check at http://files.minecraftforge.net/maven/net/minecraftforge/forge/promotions_slim.json
[22:42:58] [Forge Version Check/INFO] [forge.VersionCheck]: [forge] Found status: OUTDATED Target: 14.23.5.2859
[22:42:58] [Forge Version Check/INFO] [forge.VersionCheck]: [crafttweaker] Starting version check at https://updates.blamejared.com/get?n=crafttweaker&gv=1.12.2
[22:42:58] [Forge Version Check/INFO] [forge.VersionCheck]: [crafttweaker] Found status: BETA Target: null
[22:44:54] [Client thread/WARN] [net.minecraft.util.datafix.walkers.BlockEntityTag]: Unable to resolve BlockEntity for ItemInstance: thaumcraft:pattern_crafter
[22:44:55] [Server thread/INFO] [net.minecraft.server.integrated.IntegratedServer]: Starting integrated minecraft server version 1.12.2
[22:44:55] [Server thread/INFO] [net.minecraft.server.integrated.IntegratedServer]: Generating keypair
[22:44:55] [Server thread/INFO] [FML]: Injecting existing registry data into this server instance
[22:44:55] [Client thread/WARN] [net.minecraft.util.datafix.walkers.BlockEntityTag]: Unable to resolve BlockEntity for ItemInstance: thaumcraft:pattern_crafter
[22:44:56] [Server thread/INFO] [FML]: Applying holder lookups
[22:44:56] [Server thread/INFO] [FML]: Holder lookups applied
[22:44:56] [Server thread/INFO] [FML]: Loading dimension 0 (New Worldê1) (net.minecraft.server.integrated.IntegratedServer@20f0f86e)
[22:44:56] [Server thread/INFO] [net.minecraft.advancements.AdvancementList]: Loaded 488 advancements
[22:44:56] [Server thread/INFO] [THAUMCRAFT]: Creating aura cache for world 0
[22:44:56] [Server thread/INFO] [FML]: Loading dimension -1 (New Worldê1) (net.minecraft.server.integrated.IntegratedServer@20f0f86e)
[22:44:56] [Server thread/INFO] [THAUMCRAFT]: Creating aura cache for world -1
[22:44:56] [Server thread/INFO] [FML]: Loading dimension 1 (New Worldê1) (net.minecraft.server.integrated.IntegratedServer@20f0f86e)
[22:44:56] [Server thread/INFO] [THAUMCRAFT]: Creating aura cache for world 1
[22:44:56] [Server thread/INFO] [FML]: Loading dimension 2505 (New Worldê1) (net.minecraft.server.integrated.IntegratedServer@20f0f86e)
[22:44:56] [Server thread/INFO] [THAUMCRAFT]: Creating aura cache for world 2505
[22:44:56] [Server thread/INFO] [FML]: Loading dimension 14676 (New Worldê1) (net.minecraft.server.integrated.IntegratedServer@20f0f86e)
[22:44:56] [Server thread/INFO] [THAUMCRAFT]: Creating aura cache for world 14676
[22:44:57] [Server thread/INFO] [FML]: Loading dimension 19 (New Worldê1) (net.minecraft.server.integrated.IntegratedServer@20f0f86e)
[22:44:57] [Server thread/INFO] [THAUMCRAFT]: Creating aura cache for world 19
[22:44:57] [Server thread/INFO] [net.minecraft.server.MinecraftServer]: Preparing start region for level 0
[22:44:57] [Server thread/INFO] [HammerLib]: Registering raytrace plugin: com.zeitheron.hammercore.internal.blocks.multipart.HammerCoreRaytracePlugin ...
[22:44:57] [Server thread/INFO] [HammerLib]: Registered raytrace  plugin: com.zeitheron.hammercore.internal.blocks.multipart.HammerCoreRaytracePlugin in 0 ms
[22:44:57] [Thread-18/INFO] [THAUMCRAFT]: Starting aura thread for dim 0
[22:44:58] [Server thread/INFO] [STDOUT]: [com.example.coremod.GolemTaskPriorityTransformer:transform:48]: [ThaumicForever-Coremod] Strengthened golem task priority sorting.
[22:44:58] [Thread-19/INFO] [THAUMCRAFT]: Starting aura thread for dim -1
[22:44:58] [Thread-20/INFO] [THAUMCRAFT]: Starting aura thread for dim 1
[22:44:58] [Thread-21/INFO] [THAUMCRAFT]: Starting aura thread for dim 2505
[22:44:58] [Thread-22/INFO] [THAUMCRAFT]: Starting aura thread for dim 14676
[22:44:58] [Thread-23/INFO] [THAUMCRAFT]: Starting aura thread for dim 19
[22:44:58] [Server thread/INFO] [THAUMCRAFT]: Removing aura cache for world -1
[22:44:58] [Server thread/INFO] [FML]: Unloading dimension -1
[22:44:58] [Server thread/INFO] [THAUMCRAFT]: Removing aura cache for world 1
[22:44:58] [Server thread/INFO] [FML]: Unloading dimension 1
[22:44:58] [Server thread/INFO] [THAUMCRAFT]: Removing aura cache for world 14676
[22:44:58] [Server thread/INFO] [FML]: Unloading dimension 14676
[22:44:58] [Server thread/INFO] [THAUMCRAFT]: Removing aura cache for world 19
[22:44:58] [Server thread/INFO] [FML]: Unloading dimension 19
[22:44:58] [Server thread/INFO] [net.minecraft.server.integrated.IntegratedServer]: Changing view distance to 16, from 10
[22:44:59] [Server thread/INFO] [ThaumicAdditionsCore]: Transforming net.minecraft.util.FoodStats (net.minecraft.util.FoodStats)...
[22:44:59] [Server thread/INFO] [ThaumicAdditionsCore]:   -Applying org.zeith.thaumicadditions.asm.mixins.FoodStatsMixin into net/minecraft/util/FoodStats
[22:44:59] [Server thread/WARN] [net.minecraft.stats.StatisticsManagerServer]: Invalid statistic in .\saves\New Worldê1\stats\12831f05-475f-3c9a-8556-65623dce4cd8.json: Don't know what thaumicconcilium is
[22:44:59] [Netty Local Client IO #0/INFO] [FML]: Server protocol version 2
[22:44:59] [Netty Server IO #1/INFO] [FML]: Client protocol version 2
[22:44:59] [Netty Server IO #1/INFO] [FML]: Client attempting to join with 32 mods : minecraft@1.12.2,configanytime@3.0,ctgui@1.0.0,crafttweakerjei@2.0.3,mixinbooter@10.5,baubles@1.5.3,jei@4.15.0.268,thaumicbases@3.6.023.0,thaumicconcilium@1.2.0,spark@1.6.3,thaumicrestoration@1.5.0,planarartifice@1.4.0-pre7,thaumicjei@1.6.0,mcp@9.42,hammercore@12.2.50,journeymap@1.12.2-5.7.1,naturescompass@1.8.5,FML@8.0.99.99,crimsonrevelations@1.5.2,waila@1.8.26,isorropia@2.0.0,crafttweaker@4.1.20,thaumcraft@6.1.BETA26,tg@0.1.6.0,thaumicaugmentation@1.12.2-2.1.14,oldresearch@1.1.3,forge@14.23.5.2820,thaumadditions@12.7.9,thaumictinkerer@1.12.2-5.9.4-Unofficial,forbiddenmagicre@1.1.1,thaumicforever@7.0,thaumicwonders@2.2.4
[22:44:59] [Netty Local Client IO #0/INFO] [FML]: [Netty Local Client IO #0] Client side modded connection established
[22:44:59] [Netty Local Client IO #0/INFO] [HammerLib]: Registering raytrace plugin: com.zeitheron.hammercore.internal.blocks.multipart.HammerCoreRaytracePlugin ...
[22:44:59] [Netty Local Client IO #0/INFO] [HammerLib]: Registered raytrace  plugin: com.zeitheron.hammercore.internal.blocks.multipart.HammerCoreRaytracePlugin in 0 ms
[22:44:59] [Server thread/INFO] [FML]: [Server thread] Server side modded connection established
[22:44:59] [Server thread/INFO] [net.minecraft.server.management.PlayerList]: KoTeuKa404[local:E:c63eac00] logged in with entity id 436 at (51.51617579040131, 79.37748176401287, 5.413675027274535)
[22:44:59] [Server thread/INFO] [net.minecraft.server.MinecraftServer]: KoTeuKa404 joined the game
[22:44:59] [Server thread/WARN] [thaumicforever]: Baubles PacketHandler not found. Slot sync send is disabled for this Baubles variant.
[22:44:59] [Thread-31/WARN] [HammerLib]: HammerCore custom data file not found! (this is not an issue!)
[22:44:59] [Server thread/INFO] [Waila]: Player EntityPlayerMP['KoTeuKa404'/436, l='New Worldê1', x=51.52, y=79.38, z=5.41] connected. Sending ping
[22:45:00] [Thread-19/INFO] [THAUMCRAFT]: Stopping aura thread for dim -1
[22:45:00] [Thread-20/INFO] [THAUMCRAFT]: Stopping aura thread for dim 1
[22:45:00] [Thread-22/INFO] [THAUMCRAFT]: Stopping aura thread for dim 14676
[22:45:00] [Thread-23/INFO] [THAUMCRAFT]: Stopping aura thread for dim 19
[22:45:01] [Server thread/INFO] [net.minecraft.server.integrated.IntegratedServer]: Saving and pausing game...
[22:45:01] [Netty Local Client IO #0/INFO] [Waila]: Received server authentication msg. Remote sync will be activated
[22:45:01] [Server thread/INFO] [net.minecraft.server.MinecraftServer]: Saving chunks for level 'New Worldê1'/overworld
[22:45:01] [Server thread/INFO] [net.minecraft.server.MinecraftServer]: Saving chunks for level 'New Worldê1'/overworld
[22:45:01] [Client thread/INFO] [net.minecraft.advancements.AdvancementList]: Loaded 14 advancements
[22:45:01] [Client thread/WARN] [net.minecraft.client.network.NetHandlerPlayClient]: Received passengers for unknown entity
[22:45:02] [Client thread/INFO] [journeymap]: Loaded 0 waypoints from .\journeymap\data\sp\New Worldê1\waypoints
[22:45:02] [Client thread/INFO] [journeymap]: Mapping started in .\journeymap\data\sp\New Worldê1\DIM0. Memory: 3636MB total, 1931MB free 
[22:45:02] [Client thread/INFO] [net.minecraft.client.gui.GuiNewChat]: [CHAT] JourneyMap: Press [J]
[22:45:02] [Client thread/INFO] [journeymap]: JourneyMap: Press [J]
[22:45:02] [Server thread/INFO] [net.minecraft.server.integrated.IntegratedServer]: Saving and pausing game...
[22:45:02] [Server thread/INFO] [net.minecraft.server.MinecraftServer]: Saving chunks for level 'New Worldê1'/overworld
[22:45:02] [Server thread/INFO] [net.minecraft.server.MinecraftServer]: Saving chunks for level 'New Worldê1'/overworld
[22:45:12] [Client thread/ERROR] [journeymap]: Can't get entityTexture for Donkey (SUPPRESSED)
[22:45:12] [Client thread/INFO] [STDERR]: [journeymap.common.log.LogFormatter:toString:25]: java.lang.NoSuchMethodError: net.minecraft.client.renderer.entity.Render.func_110775_a(Lnet/minecraft/entity/Entity;)Lnet/minecraft/util/ResourceLocation;
[22:45:12] [Client thread/INFO] [STDERR]: [journeymap.common.log.LogFormatter:toString:25]: 	at net.minecraft.client.renderer.entity.RenderFacade.getEntityTexture(RenderFacade.java:29)
[22:45:12] [Client thread/INFO] [STDERR]: [journeymap.common.log.LogFormatter:toString:25]: 	at journeymap.client.model.EntityHelper.getIconTextureLocation(EntityHelper.java:278)
[22:45:12] [Client thread/INFO] [STDERR]: [journeymap.common.log.LogFormatter:toString:25]: 	at journeymap.client.model.EntityDTO.update(EntityDTO.java:205)
[22:45:12] [Client thread/INFO] [STDERR]: [journeymap.common.log.LogFormatter:toString:25]: 	at journeymap.client.model.EntityHelper.getEntitiesNearby(EntityHelper.java:75)
[22:45:12] [Client thread/INFO] [STDERR]: [journeymap.common.log.LogFormatter:toString:25]: 	at journeymap.client.model.EntityHelper.getAnimalsNearby(EntityHelper.java:112)
[22:45:12] [Client thread/INFO] [STDERR]: [journeymap.common.log.LogFormatter:toString:25]: 	at journeymap.client.data.AnimalsData.load(AnimalsData.java:36)
[22:45:12] [Client thread/INFO] [STDERR]: [journeymap.common.log.LogFormatter:toString:25]: 	at journeymap.client.data.AnimalsData.load(AnimalsData.java:26)
[22:45:12] [Client thread/INFO] [STDERR]: [journeymap.common.log.LogFormatter:toString:25]: 	at com.google.common.cache.LocalCache$LoadingValueReference.loadFuture(LocalCache.java:3716)
[22:45:12] [Client thread/INFO] [STDERR]: [journeymap.common.log.LogFormatter:toString:25]: 	at com.google.common.cache.LocalCache$Segment.loadSync(LocalCache.java:2424)
[22:45:12] [Client thread/INFO] [STDERR]: [journeymap.common.log.LogFormatter:toString:25]: 	at com.google.common.cache.LocalCache$Segment.lockedGetOrLoad(LocalCache.java:2298)
[22:45:12] [Client thread/INFO] [STDERR]: [journeymap.common.log.LogFormatter:toString:25]: 	at com.google.common.cache.LocalCache$Segment.get(LocalCache.java:2211)
[22:45:12] [Client thread/INFO] [STDERR]: [journeymap.common.log.LogFormatter:toString:25]: 	at com.google.common.cache.LocalCache.get(LocalCache.java:4154)
[22:45:12] [Client thread/INFO] [STDERR]: [journeymap.common.log.LogFormatter:toString:25]: 	at com.google.common.cache.LocalCache.getOrLoad(LocalCache.java:4158)
[22:45:12] [Client thread/INFO] [STDERR]: [journeymap.common.log.LogFormatter:toString:25]: 	at com.google.common.cache.LocalCache$LocalLoadingCache.get(LocalCache.java:5147)
[22:45:12] [Client thread/INFO] [STDERR]: [journeymap.common.log.LogFormatter:toString:25]: 	at journeymap.client.data.DataCache.getAnimals(DataCache.java:243)
[22:45:12] [Client thread/INFO] [STDERR]: [journeymap.common.log.LogFormatter:toString:25]: 	at journeymap.client.model.MapState.generateDrawSteps(MapState.java:425)
[22:45:12] [Client thread/INFO] [STDERR]: [journeymap.common.log.LogFormatter:toString:25]: 	at journeymap.client.ui.minimap.MiniMap.drawMap(MiniMap.java:231)
[22:45:12] [Client thread/INFO] [STDERR]: [journeymap.common.log.LogFormatter:toString:25]: 	at journeymap.client.ui.minimap.MiniMap.drawMap(MiniMap.java:174)
[22:45:12] [Client thread/INFO] [STDERR]: [journeymap.common.log.LogFormatter:toString:25]: 	at journeymap.client.ui.UIManager.drawMiniMap(UIManager.java:328)
[22:45:12] [Client thread/INFO] [STDERR]: [journeymap.common.log.LogFormatter:toString:25]: 	at journeymap.client.forge.event.MiniMapOverlayHandler.onRenderOverlay(MiniMapOverlayHandler.java:103)
[22:45:12] [Client thread/INFO] [STDERR]: [journeymap.common.log.LogFormatter:toString:25]: 	at net.minecraftforge.fml.common.eventhandler.ASMEventHandler_779_MiniMapOverlayHandler_onRenderOverlay_RenderGameOverlayEvent.invoke(.dynamic)
[22:45:12] [Client thread/INFO] [STDERR]: [journeymap.common.log.LogFormatter:toString:25]: 	at net.minecraftforge.fml.common.eventhandler.ASMEventHandler.invoke(ASMEventHandler.java:90)
[22:45:12] [Client thread/INFO] [STDERR]: [journeymap.common.log.LogFormatter:toString:25]: 	at net.minecraftforge.fml.common.eventhandler.EventBus.post(EventBus.java:182)
[22:45:12] [Client thread/INFO] [STDERR]: [journeymap.common.log.LogFormatter:toString:25]: 	at net.minecraftforge.client.GuiIngameForge.pre(GuiIngameForge.java:910)
[22:45:12] [Client thread/INFO] [STDERR]: [journeymap.common.log.LogFormatter:toString:25]: 	at net.minecraftforge.client.GuiIngameForge.renderGameOverlay(GuiIngameForge.java:119)
[22:45:12] [Client thread/INFO] [STDERR]: [journeymap.common.log.LogFormatter:toString:25]: 	at net.minecraft.client.renderer.EntityRenderer.updateCameraAndRender(EntityRenderer.java:1151)
[22:45:12] [Client thread/INFO] [STDERR]: [journeymap.common.log.LogFormatter:toString:25]: 	at net.minecraft.client.Minecraft.runGameLoop(Minecraft.java:1209)
[22:45:12] [Client thread/INFO] [STDERR]: [journeymap.common.log.LogFormatter:toString:25]: 	at net.minecraft.client.Minecraft.run(Minecraft.java:442)
[22:45:12] [Client thread/INFO] [STDERR]: [journeymap.common.log.LogFormatter:toString:25]: 	at net.minecraft.client.main.Main.main(Main.java:118)
[22:45:12] [Client thread/INFO] [STDERR]: [journeymap.common.log.LogFormatter:toString:25]: 	at sun.reflect.NativeMethodAccessorImpl.invoke0(Native Method)
[22:45:12] [Client thread/INFO] [STDERR]: [journeymap.common.log.LogFormatter:toString:25]: 	at sun.reflect.NativeMethodAccessorImpl.invoke(NativeMethodAccessorImpl.java:62)
[22:45:12] [Client thread/INFO] [STDERR]: [journeymap.common.log.LogFormatter:toString:25]: 	at sun.reflect.DelegatingMethodAccessorImpl.invoke(DelegatingMethodAccessorImpl.java:43)
[22:45:12] [Client thread/INFO] [STDERR]: [journeymap.common.log.LogFormatter:toString:25]: 	at java.lang.reflect.Method.invoke(Method.java:498)
[22:45:12] [Client thread/INFO] [STDERR]: [journeymap.common.log.LogFormatter:toString:25]: 	at net.minecraft.launchwrapper.Launch.launch(Launch.java:135)
[22:45:12] [Client thread/INFO] [STDERR]: [journeymap.common.log.LogFormatter:toString:25]: 	at net.minecraft.launchwrapper.Launch.main(Launch.java:28)
[22:45:12] [Client thread/INFO] [STDERR]: [journeymap.common.log.LogFormatter:toString:25]: 	at sun.reflect.NativeMethodAccessorImpl.invoke0(Native Method)
[22:45:12] [Client thread/INFO] [STDERR]: [journeymap.common.log.LogFormatter:toString:25]: 	at sun.reflect.NativeMethodAccessorImpl.invoke(NativeMethodAccessorImpl.java:62)
[22:45:12] [Client thread/INFO] [STDERR]: [journeymap.common.log.LogFormatter:toString:25]: 	at sun.reflect.DelegatingMethodAccessorImpl.invoke(DelegatingMethodAccessorImpl.java:43)
[22:45:12] [Client thread/INFO] [STDERR]: [journeymap.common.log.LogFormatter:toString:25]: 	at java.lang.reflect.Method.invoke(Method.java:498)
[22:45:12] [Client thread/INFO] [STDERR]: [journeymap.common.log.LogFormatter:toString:25]: 	at net.minecraftforge.gradle.GradleStartCommon.launch(GradleStartCommon.java:97)
[22:45:12] [Client thread/INFO] [STDERR]: [journeymap.common.log.LogFormatter:toString:25]: 	at GradleStart.main(GradleStart.java:25)
[22:45:12] [Client thread/ERROR] [journeymap]: java.lang.NoSuchMethodError: net.minecraft.client.renderer.entity.Render.func_110775_a(Lnet/minecraft/entity/Entity;)Lnet/minecraft/util/ResourceLocation;
	at net.minecraft.client.renderer.entity.RenderFacade.getEntityTexture(RenderFacade.java:29)
	at journeymap.client.model.EntityHelper.getIconTextureLocation(EntityHelper.java:278)
	at journeymap.client.model.EntityDTO.update(EntityDTO.java:205)
	at journeymap.client.model.EntityHelper.getEntitiesNearby(EntityHelper.java:75)
	at journeymap.client.model.EntityHelper.getAnimalsNearby(EntityHelper.java:112)
	at journeymap.client.data.AnimalsData.load(AnimalsData.java:36)
	at journeymap.client.data.AnimalsData.load(AnimalsData.java:26)
	at com.google.common.cache.LocalCache$LoadingValueReference.loadFuture(LocalCache.java:3716)
	at com.google.common.cache.LocalCache$Segment.loadSync(LocalCache.java:2424)
	at com.google.common.cache.LocalCache$Segment.lockedGetOrLoad(LocalCache.java:2298)
	at com.google.common.cache.LocalCache$Segment.get(LocalCache.java:2211)
	at com.google.common.cache.LocalCache.get(LocalCache.java:4154)
	at com.google.common.cache.LocalCache.getOrLoad(LocalCache.java:4158)
	at com.google.common.cache.LocalCache$LocalLoadingCache.get(LocalCache.java:5147)
	at journeymap.client.data.DataCache.getAnimals(DataCache.java:243)
	at journeymap.client.model.MapState.generateDrawSteps(MapState.java:425)
	at journeymap.client.ui.minimap.MiniMap.drawMap(MiniMap.java:231)
	at journeymap.client.ui.minimap.MiniMap.drawMap(MiniMap.java:174)
	at journeymap.client.ui.UIManager.drawMiniMap(UIManager.java:328)
	at journeymap.client.forge.event.MiniMapOverlayHandler.onRenderOverlay(MiniMapOverlayHandler.java:103)
	at net.minecraftforge.fml.common.eventhandler.ASMEventHandler_779_MiniMapOverlayHandler_onRenderOverlay_RenderGameOverlayEvent.invoke(.dynamic)
	at net.minecraftforge.fml.common.eventhandler.ASMEventHandler.invoke(ASMEventHandler.java:90)
	at net.minecraftforge.fml.common.eventhandler.EventBus.post(EventBus.java:182)
	at net.minecraftforge.client.GuiIngameForge.pre(GuiIngameForge.java:910)
	at net.minecraftforge.client.GuiIngameForge.renderGameOverlay(GuiIngameForge.java:119)
	at net.minecraft.client.renderer.EntityRenderer.updateCameraAndRender(EntityRenderer.java:1151)
	at net.minecraft.client.Minecraft.runGameLoop(Minecraft.java:1209)
	at net.minecraft.client.Minecraft.run(Minecraft.java:442)
	at net.minecraft.client.main.Main.main(Main.java:118)
	at sun.reflect.NativeMethodAccessorImpl.invoke0(Native Method)
	at sun.reflect.NativeMethodAccessorImpl.invoke(NativeMethodAccessorImpl.java:62)
	at sun.reflect.DelegatingMethodAccessorImpl.invoke(DelegatingMethodAccessorImpl.java:43)
	at java.lang.reflect.Method.invoke(Method.java:498)
	at net.minecraft.launchwrapper.Launch.launch(Launch.java:135)
	at net.minecraft.launchwrapper.Launch.main(Launch.java:28)
	at sun.reflect.NativeMethodAccessorImpl.invoke0(Native Method)
	at sun.reflect.NativeMethodAccessorImpl.invoke(NativeMethodAccessorImpl.java:62)
	at sun.reflect.DelegatingMethodAccessorImpl.invoke(DelegatingMethodAccessorImpl.java:43)
	at java.lang.reflect.Method.invoke(Method.java:498)
	at net.minecraftforge.gradle.GradleStartCommon.launch(GradleStartCommon.java:97)
	at GradleStart.main(GradleStart.java:25)

[22:45:12] [Client thread/ERROR] [journeymap]: Can't get entityTexture for Chicken (SUPPRESSED)
[22:45:12] [Client thread/INFO] [STDERR]: [journeymap.common.log.LogFormatter:toString:25]: java.lang.NoSuchMethodError: net.minecraft.client.renderer.entity.Render.func_110775_a(Lnet/minecraft/entity/Entity;)Lnet/minecraft/util/ResourceLocation;
[22:45:12] [Client thread/INFO] [STDERR]: [journeymap.common.log.LogFormatter:toString:25]: 	at net.minecraft.client.renderer.entity.RenderFacade.getEntityTexture(RenderFacade.java:29)
[22:45:12] [Client thread/INFO] [STDERR]: [journeymap.common.log.LogFormatter:toString:25]: 	at journeymap.client.model.EntityHelper.getIconTextureLocation(EntityHelper.java:278)
[22:45:12] [Client thread/INFO] [STDERR]: [journeymap.common.log.LogFormatter:toString:25]: 	at journeymap.client.model.EntityDTO.update(EntityDTO.java:205)
[22:45:12] [Client thread/INFO] [STDERR]: [journeymap.common.log.LogFormatter:toString:25]: 	at journeymap.client.model.EntityHelper.getEntitiesNearby(EntityHelper.java:75)
[22:45:12] [Client thread/INFO] [STDERR]: [journeymap.common.log.LogFormatter:toString:25]: 	at journeymap.client.model.EntityHelper.getAnimalsNearby(EntityHelper.java:112)
[22:45:12] [Client thread/INFO] [STDERR]: [journeymap.common.log.LogFormatter:toString:25]: 	at journeymap.client.data.AnimalsData.load(AnimalsData.java:36)
[22:45:12] [Client thread/INFO] [STDERR]: [journeymap.common.log.LogFormatter:toString:25]: 	at journeymap.client.data.AnimalsData.load(AnimalsData.java:26)
[22:45:12] [Client thread/INFO] [STDERR]: [journeymap.common.log.LogFormatter:toString:25]: 	at com.google.common.cache.LocalCache$LoadingValueReference.loadFuture(LocalCache.java:3716)
[22:45:12] [Client thread/INFO] [STDERR]: [journeymap.common.log.LogFormatter:toString:25]: 	at com.google.common.cache.LocalCache$Segment.loadSync(LocalCache.java:2424)
[22:45:12] [Client thread/INFO] [STDERR]: [journeymap.common.log.LogFormatter:toString:25]: 	at com.google.common.cache.LocalCache$Segment.lockedGetOrLoad(LocalCache.java:2298)
[22:45:12] [Client thread/INFO] [STDERR]: [journeymap.common.log.LogFormatter:toString:25]: 	at com.google.common.cache.LocalCache$Segment.get(LocalCache.java:2211)
[22:45:12] [Client thread/INFO] [STDERR]: [journeymap.common.log.LogFormatter:toString:25]: 	at com.google.common.cache.LocalCache.get(LocalCache.java:4154)
[22:45:12] [Client thread/INFO] [STDERR]: [journeymap.common.log.LogFormatter:toString:25]: 	at com.google.common.cache.LocalCache.getOrLoad(LocalCache.java:4158)
[22:45:12] [Client thread/INFO] [STDERR]: [journeymap.common.log.LogFormatter:toString:25]: 	at com.google.common.cache.LocalCache$LocalLoadingCache.get(LocalCache.java:5147)
[22:45:12] [Client thread/INFO] [STDERR]: [journeymap.common.log.LogFormatter:toString:25]: 	at journeymap.client.data.DataCache.getAnimals(DataCache.java:243)
[22:45:12] [Client thread/INFO] [STDERR]: [journeymap.common.log.LogFormatter:toString:25]: 	at journeymap.client.model.MapState.generateDrawSteps(MapState.java:425)
[22:45:12] [Client thread/INFO] [STDERR]: [journeymap.common.log.LogFormatter:toString:25]: 	at journeymap.client.ui.minimap.MiniMap.drawMap(MiniMap.java:231)
[22:45:12] [Client thread/INFO] [STDERR]: [journeymap.common.log.LogFormatter:toString:25]: 	at journeymap.client.ui.minimap.MiniMap.drawMap(MiniMap.java:174)
[22:45:12] [Client thread/INFO] [STDERR]: [journeymap.common.log.LogFormatter:toString:25]: 	at journeymap.client.ui.UIManager.drawMiniMap(UIManager.java:328)
[22:45:12] [Client thread/INFO] [STDERR]: [journeymap.common.log.LogFormatter:toString:25]: 	at journeymap.client.forge.event.MiniMapOverlayHandler.onRenderOverlay(MiniMapOverlayHandler.java:103)
[22:45:12] [Client thread/INFO] [STDERR]: [journeymap.common.log.LogFormatter:toString:25]: 	at net.minecraftforge.fml.common.eventhandler.ASMEventHandler_779_MiniMapOverlayHandler_onRenderOverlay_RenderGameOverlayEvent.invoke(.dynamic)
[22:45:12] [Client thread/INFO] [STDERR]: [journeymap.common.log.LogFormatter:toString:25]: 	at net.minecraftforge.fml.common.eventhandler.ASMEventHandler.invoke(ASMEventHandler.java:90)
[22:45:12] [Client thread/INFO] [STDERR]: [journeymap.common.log.LogFormatter:toString:25]: 	at net.minecraftforge.fml.common.eventhandler.EventBus.post(EventBus.java:182)
[22:45:12] [Client thread/INFO] [STDERR]: [journeymap.common.log.LogFormatter:toString:25]: 	at net.minecraftforge.client.GuiIngameForge.pre(GuiIngameForge.java:910)
[22:45:12] [Client thread/INFO] [STDERR]: [journeymap.common.log.LogFormatter:toString:25]: 	at net.minecraftforge.client.GuiIngameForge.renderGameOverlay(GuiIngameForge.java:119)
[22:45:12] [Client thread/INFO] [STDERR]: [journeymap.common.log.LogFormatter:toString:25]: 	at net.minecraft.client.renderer.EntityRenderer.updateCameraAndRender(EntityRenderer.java:1151)
[22:45:12] [Client thread/INFO] [STDERR]: [journeymap.common.log.LogFormatter:toString:25]: 	at net.minecraft.client.Minecraft.runGameLoop(Minecraft.java:1209)
[22:45:12] [Client thread/INFO] [STDERR]: [journeymap.common.log.LogFormatter:toString:25]: 	at net.minecraft.client.Minecraft.run(Minecraft.java:442)
[22:45:12] [Client thread/INFO] [STDERR]: [journeymap.common.log.LogFormatter:toString:25]: 	at net.minecraft.client.main.Main.main(Main.java:118)
[22:45:12] [Client thread/INFO] [STDERR]: [journeymap.common.log.LogFormatter:toString:25]: 	at sun.reflect.NativeMethodAccessorImpl.invoke0(Native Method)
[22:45:12] [Client thread/INFO] [STDERR]: [journeymap.common.log.LogFormatter:toString:25]: 	at sun.reflect.NativeMethodAccessorImpl.invoke(NativeMethodAccessorImpl.java:62)
[22:45:12] [Client thread/INFO] [STDERR]: [journeymap.common.log.LogFormatter:toString:25]: 	at sun.reflect.DelegatingMethodAccessorImpl.invoke(DelegatingMethodAccessorImpl.java:43)
[22:45:12] [Client thread/INFO] [STDERR]: [journeymap.common.log.LogFormatter:toString:25]: 	at java.lang.reflect.Method.invoke(Method.java:498)
[22:45:12] [Client thread/INFO] [STDERR]: [journeymap.common.log.LogFormatter:toString:25]: 	at net.minecraft.launchwrapper.Launch.launch(Launch.java:135)
[22:45:12] [Client thread/INFO] [STDERR]: [journeymap.common.log.LogFormatter:toString:25]: 	at net.minecraft.launchwrapper.Launch.main(Launch.java:28)
[22:45:12] [Client thread/INFO] [STDERR]: [journeymap.common.log.LogFormatter:toString:25]: 	at sun.reflect.NativeMethodAccessorImpl.invoke0(Native Method)
[22:45:12] [Client thread/INFO] [STDERR]: [journeymap.common.log.LogFormatter:toString:25]: 	at sun.reflect.NativeMethodAccessorImpl.invoke(NativeMethodAccessorImpl.java:62)
[22:45:12] [Client thread/INFO] [STDERR]: [journeymap.common.log.LogFormatter:toString:25]: 	at sun.reflect.DelegatingMethodAccessorImpl.invoke(DelegatingMethodAccessorImpl.java:43)
[22:45:12] [Client thread/INFO] [STDERR]: [journeymap.common.log.LogFormatter:toString:25]: 	at java.lang.reflect.Method.invoke(Method.java:498)
[22:45:12] [Client thread/INFO] [STDERR]: [journeymap.common.log.LogFormatter:toString:25]: 	at net.minecraftforge.gradle.GradleStartCommon.launch(GradleStartCommon.java:97)
[22:45:12] [Client thread/INFO] [STDERR]: [journeymap.common.log.LogFormatter:toString:25]: 	at GradleStart.main(GradleStart.java:25)
[22:45:12] [Client thread/ERROR] [journeymap]: java.lang.NoSuchMethodError: net.minecraft.client.renderer.entity.Render.func_110775_a(Lnet/minecraft/entity/Entity;)Lnet/minecraft/util/ResourceLocation;
	at net.minecraft.client.renderer.entity.RenderFacade.getEntityTexture(RenderFacade.java:29)
	at journeymap.client.model.EntityHelper.getIconTextureLocation(EntityHelper.java:278)
	at journeymap.client.model.EntityDTO.update(EntityDTO.java:205)
	at journeymap.client.model.EntityHelper.getEntitiesNearby(EntityHelper.java:75)
	at journeymap.client.model.EntityHelper.getAnimalsNearby(EntityHelper.java:112)
	at journeymap.client.data.AnimalsData.load(AnimalsData.java:36)
	at journeymap.client.data.AnimalsData.load(AnimalsData.java:26)
	at com.google.common.cache.LocalCache$LoadingValueReference.loadFuture(LocalCache.java:3716)
	at com.google.common.cache.LocalCache$Segment.loadSync(LocalCache.java:2424)
	at com.google.common.cache.LocalCache$Segment.lockedGetOrLoad(LocalCache.java:2298)
	at com.google.common.cache.LocalCache$Segment.get(LocalCache.java:2211)
	at com.google.common.cache.LocalCache.get(LocalCache.java:4154)
	at com.google.common.cache.LocalCache.getOrLoad(LocalCache.java:4158)
	at com.google.common.cache.LocalCache$LocalLoadingCache.get(LocalCache.java:5147)
	at journeymap.client.data.DataCache.getAnimals(DataCache.java:243)
	at journeymap.client.model.MapState.generateDrawSteps(MapState.java:425)
	at journeymap.client.ui.minimap.MiniMap.drawMap(MiniMap.java:231)
	at journeymap.client.ui.minimap.MiniMap.drawMap(MiniMap.java:174)
	at journeymap.client.ui.UIManager.drawMiniMap(UIManager.java:328)
	at journeymap.client.forge.event.MiniMapOverlayHandler.onRenderOverlay(MiniMapOverlayHandler.java:103)
	at net.minecraftforge.fml.common.eventhandler.ASMEventHandler_779_MiniMapOverlayHandler_onRenderOverlay_RenderGameOverlayEvent.invoke(.dynamic)
	at net.minecraftforge.fml.common.eventhandler.ASMEventHandler.invoke(ASMEventHandler.java:90)
	at net.minecraftforge.fml.common.eventhandler.EventBus.post(EventBus.java:182)
	at net.minecraftforge.client.GuiIngameForge.pre(GuiIngameForge.java:910)
	at net.minecraftforge.client.GuiIngameForge.renderGameOverlay(GuiIngameForge.java:119)
	at net.minecraft.client.renderer.EntityRenderer.updateCameraAndRender(EntityRenderer.java:1151)
	at net.minecraft.client.Minecraft.runGameLoop(Minecraft.java:1209)
	at net.minecraft.client.Minecraft.run(Minecraft.java:442)
	at net.minecraft.client.main.Main.main(Main.java:118)
	at sun.reflect.NativeMethodAccessorImpl.invoke0(Native Method)
	at sun.reflect.NativeMethodAccessorImpl.invoke(NativeMethodAccessorImpl.java:62)
	at sun.reflect.DelegatingMethodAccessorImpl.invoke(DelegatingMethodAccessorImpl.java:43)
	at java.lang.reflect.Method.invoke(Method.java:498)
	at net.minecraft.launchwrapper.Launch.launch(Launch.java:135)
	at net.minecraft.launchwrapper.Launch.main(Launch.java:28)
	at sun.reflect.NativeMethodAccessorImpl.invoke0(Native Method)
	at sun.reflect.NativeMethodAccessorImpl.invoke(NativeMethodAccessorImpl.java:62)
	at sun.reflect.DelegatingMethodAccessorImpl.invoke(DelegatingMethodAccessorImpl.java:43)
	at java.lang.reflect.Method.invoke(Method.java:498)
	at net.minecraftforge.gradle.GradleStartCommon.launch(GradleStartCommon.java:97)
	at GradleStart.main(GradleStart.java:25)

[22:45:12] [Client thread/ERROR] [journeymap]: Can't get entityTexture for Pig (SUPPRESSED)
[22:45:12] [Client thread/INFO] [STDERR]: [journeymap.common.log.LogFormatter:toString:25]: java.lang.NoSuchMethodError: net.minecraft.client.renderer.entity.Render.func_110775_a(Lnet/minecraft/entity/Entity;)Lnet/minecraft/util/ResourceLocation;
[22:45:12] [Client thread/INFO] [STDERR]: [journeymap.common.log.LogFormatter:toString:25]: 	at net.minecraft.client.renderer.entity.RenderFacade.getEntityTexture(RenderFacade.java:29)
[22:45:12] [Client thread/INFO] [STDERR]: [journeymap.common.log.LogFormatter:toString:25]: 	at journeymap.client.model.EntityHelper.getIconTextureLocation(EntityHelper.java:278)
[22:45:12] [Client thread/INFO] [STDERR]: [journeymap.common.log.LogFormatter:toString:25]: 	at journeymap.client.model.EntityDTO.update(EntityDTO.java:205)
[22:45:12] [Client thread/INFO] [STDERR]: [journeymap.common.log.LogFormatter:toString:25]: 	at journeymap.client.model.EntityHelper.getEntitiesNearby(EntityHelper.java:75)
[22:45:12] [Client thread/INFO] [STDERR]: [journeymap.common.log.LogFormatter:toString:25]: 	at journeymap.client.model.EntityHelper.getAnimalsNearby(EntityHelper.java:112)
[22:45:12] [Client thread/INFO] [STDERR]: [journeymap.common.log.LogFormatter:toString:25]: 	at journeymap.client.data.AnimalsData.load(AnimalsData.java:36)
[22:45:12] [Client thread/INFO] [STDERR]: [journeymap.common.log.LogFormatter:toString:25]: 	at journeymap.client.data.AnimalsData.load(AnimalsData.java:26)
[22:45:12] [Client thread/INFO] [STDERR]: [journeymap.common.log.LogFormatter:toString:25]: 	at com.google.common.cache.LocalCache$LoadingValueReference.loadFuture(LocalCache.java:3716)
[22:45:12] [Client thread/INFO] [STDERR]: [journeymap.common.log.LogFormatter:toString:25]: 	at com.google.common.cache.LocalCache$Segment.loadSync(LocalCache.java:2424)
[22:45:12] [Client thread/INFO] [STDERR]: [journeymap.common.log.LogFormatter:toString:25]: 	at com.google.common.cache.LocalCache$Segment.lockedGetOrLoad(LocalCache.java:2298)
[22:45:12] [Client thread/INFO] [STDERR]: [journeymap.common.log.LogFormatter:toString:25]: 	at com.google.common.cache.LocalCache$Segment.get(LocalCache.java:2211)
[22:45:12] [Client thread/INFO] [STDERR]: [journeymap.common.log.LogFormatter:toString:25]: 	at com.google.common.cache.LocalCache.get(LocalCache.java:4154)
[22:45:12] [Client thread/INFO] [STDERR]: [journeymap.common.log.LogFormatter:toString:25]: 	at com.google.common.cache.LocalCache.getOrLoad(LocalCache.java:4158)
[22:45:12] [Client thread/INFO] [STDERR]: [journeymap.common.log.LogFormatter:toString:25]: 	at com.google.common.cache.LocalCache$LocalLoadingCache.get(LocalCache.java:5147)
[22:45:12] [Client thread/INFO] [STDERR]: [journeymap.common.log.LogFormatter:toString:25]: 	at journeymap.client.data.DataCache.getAnimals(DataCache.java:243)
[22:45:12] [Client thread/INFO] [STDERR]: [journeymap.common.log.LogFormatter:toString:25]: 	at journeymap.client.model.MapState.generateDrawSteps(MapState.java:425)
[22:45:12] [Client thread/INFO] [STDERR]: [journeymap.common.log.LogFormatter:toString:25]: 	at journeymap.client.ui.minimap.MiniMap.drawMap(MiniMap.java:231)
[22:45:12] [Client thread/INFO] [STDERR]: [journeymap.common.log.LogFormatter:toString:25]: 	at journeymap.client.ui.minimap.MiniMap.drawMap(MiniMap.java:174)
[22:45:12] [Client thread/INFO] [STDERR]: [journeymap.common.log.LogFormatter:toString:25]: 	at journeymap.client.ui.UIManager.drawMiniMap(UIManager.java:328)
[22:45:12] [Client thread/INFO] [STDERR]: [journeymap.common.log.LogFormatter:toString:25]: 	at journeymap.client.forge.event.MiniMapOverlayHandler.onRenderOverlay(MiniMapOverlayHandler.java:103)
[22:45:12] [Client thread/INFO] [STDERR]: [journeymap.common.log.LogFormatter:toString:25]: 	at net.minecraftforge.fml.common.eventhandler.ASMEventHandler_779_MiniMapOverlayHandler_onRenderOverlay_RenderGameOverlayEvent.invoke(.dynamic)
[22:45:12] [Client thread/INFO] [STDERR]: [journeymap.common.log.LogFormatter:toString:25]: 	at net.minecraftforge.fml.common.eventhandler.ASMEventHandler.invoke(ASMEventHandler.java:90)
[22:45:12] [Client thread/INFO] [STDERR]: [journeymap.common.log.LogFormatter:toString:25]: 	at net.minecraftforge.fml.common.eventhandler.EventBus.post(EventBus.java:182)
[22:45:12] [Client thread/INFO] [STDERR]: [journeymap.common.log.LogFormatter:toString:25]: 	at net.minecraftforge.client.GuiIngameForge.pre(GuiIngameForge.java:910)
[22:45:12] [Client thread/INFO] [STDERR]: [journeymap.common.log.LogFormatter:toString:25]: 	at net.minecraftforge.client.GuiIngameForge.renderGameOverlay(GuiIngameForge.java:119)
[22:45:12] [Client thread/INFO] [STDERR]: [journeymap.common.log.LogFormatter:toString:25]: 	at net.minecraft.client.renderer.EntityRenderer.updateCameraAndRender(EntityRenderer.java:1151)
[22:45:12] [Client thread/INFO] [STDERR]: [journeymap.common.log.LogFormatter:toString:25]: 	at net.minecraft.client.Minecraft.runGameLoop(Minecraft.java:1209)
[22:45:12] [Client thread/INFO] [STDERR]: [journeymap.common.log.LogFormatter:toString:25]: 	at net.minecraft.client.Minecraft.run(Minecraft.java:442)
[22:45:12] [Client thread/INFO] [STDERR]: [journeymap.common.log.LogFormatter:toString:25]: 	at net.minecraft.client.main.Main.main(Main.java:118)
[22:45:12] [Client thread/INFO] [STDERR]: [journeymap.common.log.LogFormatter:toString:25]: 	at sun.reflect.NativeMethodAccessorImpl.invoke0(Native Method)
[22:45:12] [Client thread/INFO] [STDERR]: [journeymap.common.log.LogFormatter:toString:25]: 	at sun.reflect.NativeMethodAccessorImpl.invoke(NativeMethodAccessorImpl.java:62)
[22:45:12] [Client thread/INFO] [STDERR]: [journeymap.common.log.LogFormatter:toString:25]: 	at sun.reflect.DelegatingMethodAccessorImpl.invoke(DelegatingMethodAccessorImpl.java:43)
[22:45:12] [Client thread/INFO] [STDERR]: [journeymap.common.log.LogFormatter:toString:25]: 	at java.lang.reflect.Method.invoke(Method.java:498)
[22:45:12] [Client thread/INFO] [STDERR]: [journeymap.common.log.LogFormatter:toString:25]: 	at net.minecraft.launchwrapper.Launch.launch(Launch.java:135)
[22:45:12] [Client thread/INFO] [STDERR]: [journeymap.common.log.LogFormatter:toString:25]: 	at net.minecraft.launchwrapper.Launch.main(Launch.java:28)
[22:45:12] [Client thread/INFO] [STDERR]: [journeymap.common.log.LogFormatter:toString:25]: 	at sun.reflect.NativeMethodAccessorImpl.invoke0(Native Method)
[22:45:12] [Client thread/INFO] [STDERR]: [journeymap.common.log.LogFormatter:toString:25]: 	at sun.reflect.NativeMethodAccessorImpl.invoke(NativeMethodAccessorImpl.java:62)
[22:45:12] [Client thread/INFO] [STDERR]: [journeymap.common.log.LogFormatter:toString:25]: 	at sun.reflect.DelegatingMethodAccessorImpl.invoke(DelegatingMethodAccessorImpl.java:43)
[22:45:12] [Client thread/INFO] [STDERR]: [journeymap.common.log.LogFormatter:toString:25]: 	at java.lang.reflect.Method.invoke(Method.java:498)
[22:45:12] [Client thread/INFO] [STDERR]: [journeymap.common.log.LogFormatter:toString:25]: 	at net.minecraftforge.gradle.GradleStartCommon.launch(GradleStartCommon.java:97)
[22:45:12] [Client thread/INFO] [STDERR]: [journeymap.common.log.LogFormatter:toString:25]: 	at GradleStart.main(GradleStart.java:25)
[22:45:12] [Client thread/ERROR] [journeymap]: java.lang.NoSuchMethodError: net.minecraft.client.renderer.entity.Render.func_110775_a(Lnet/minecraft/entity/Entity;)Lnet/minecraft/util/ResourceLocation;
	at net.minecraft.client.renderer.entity.RenderFacade.getEntityTexture(RenderFacade.java:29)
	at journeymap.client.model.EntityHelper.getIconTextureLocation(EntityHelper.java:278)
	at journeymap.client.model.EntityDTO.update(EntityDTO.java:205)
	at journeymap.client.model.EntityHelper.getEntitiesNearby(EntityHelper.java:75)
	at journeymap.client.model.EntityHelper.getAnimalsNearby(EntityHelper.java:112)
	at journeymap.client.data.AnimalsData.load(AnimalsData.java:36)
	at journeymap.client.data.AnimalsData.load(AnimalsData.java:26)
	at com.google.common.cache.LocalCache$LoadingValueReference.loadFuture(LocalCache.java:3716)
	at com.google.common.cache.LocalCache$Segment.loadSync(LocalCache.java:2424)
	at com.google.common.cache.LocalCache$Segment.lockedGetOrLoad(LocalCache.java:2298)
	at com.google.common.cache.LocalCache$Segment.get(LocalCache.java:2211)
	at com.google.common.cache.LocalCache.get(LocalCache.java:4154)
	at com.google.common.cache.LocalCache.getOrLoad(LocalCache.java:4158)
	at com.google.common.cache.LocalCache$LocalLoadingCache.get(LocalCache.java:5147)
	at journeymap.client.data.DataCache.getAnimals(DataCache.java:243)
	at journeymap.client.model.MapState.generateDrawSteps(MapState.java:425)
	at journeymap.client.ui.minimap.MiniMap.drawMap(MiniMap.java:231)
	at journeymap.client.ui.minimap.MiniMap.drawMap(MiniMap.java:174)
	at journeymap.client.ui.UIManager.drawMiniMap(UIManager.java:328)
	at journeymap.client.forge.event.MiniMapOverlayHandler.onRenderOverlay(MiniMapOverlayHandler.java:103)
	at net.minecraftforge.fml.common.eventhandler.ASMEventHandler_779_MiniMapOverlayHandler_onRenderOverlay_RenderGameOverlayEvent.invoke(.dynamic)
	at net.minecraftforge.fml.common.eventhandler.ASMEventHandler.invoke(ASMEventHandler.java:90)
	at net.minecraftforge.fml.common.eventhandler.EventBus.post(EventBus.java:182)
	at net.minecraftforge.client.GuiIngameForge.pre(GuiIngameForge.java:910)
	at net.minecraftforge.client.GuiIngameForge.renderGameOverlay(GuiIngameForge.java:119)
	at net.minecraft.client.renderer.EntityRenderer.updateCameraAndRender(EntityRenderer.java:1151)
	at net.minecraft.client.Minecraft.runGameLoop(Minecraft.java:1209)
	at net.minecraft.client.Minecraft.run(Minecraft.java:442)
	at net.minecraft.client.main.Main.main(Main.java:118)
	at sun.reflect.NativeMethodAccessorImpl.invoke0(Native Method)
	at sun.reflect.NativeMethodAccessorImpl.invoke(NativeMethodAccessorImpl.java:62)
	at sun.reflect.DelegatingMethodAccessorImpl.invoke(DelegatingMethodAccessorImpl.java:43)
	at java.lang.reflect.Method.invoke(Method.java:498)
	at net.minecraft.launchwrapper.Launch.launch(Launch.java:135)
	at net.minecraft.launchwrapper.Launch.main(Launch.java:28)
	at sun.reflect.NativeMethodAccessorImpl.invoke0(Native Method)
	at sun.reflect.NativeMethodAccessorImpl.invoke(NativeMethodAccessorImpl.java:62)
	at sun.reflect.DelegatingMethodAccessorImpl.invoke(DelegatingMethodAccessorImpl.java:43)
	at java.lang.reflect.Method.invoke(Method.java:498)
	at net.minecraftforge.gradle.GradleStartCommon.launch(GradleStartCommon.java:97)
	at GradleStart.main(GradleStart.java:25)

[22:45:12] [Client thread/ERROR] [journeymap]: Can't get entityTexture for Sheep (SUPPRESSED)
[22:45:12] [Client thread/INFO] [STDERR]: [journeymap.common.log.LogFormatter:toString:25]: java.lang.NoSuchMethodError: net.minecraft.client.renderer.entity.Render.func_110775_a(Lnet/minecraft/entity/Entity;)Lnet/minecraft/util/ResourceLocation;
[22:45:12] [Client thread/INFO] [STDERR]: [journeymap.common.log.LogFormatter:toString:25]: 	at net.minecraft.client.renderer.entity.RenderFacade.getEntityTexture(RenderFacade.java:29)
[22:45:12] [Client thread/INFO] [STDERR]: [journeymap.common.log.LogFormatter:toString:25]: 	at journeymap.client.model.EntityHelper.getIconTextureLocation(EntityHelper.java:278)
[22:45:12] [Client thread/INFO] [STDERR]: [journeymap.common.log.LogFormatter:toString:25]: 	at journeymap.client.model.EntityDTO.update(EntityDTO.java:205)
[22:45:12] [Client thread/INFO] [STDERR]: [journeymap.common.log.LogFormatter:toString:25]: 	at journeymap.client.model.EntityHelper.getEntitiesNearby(EntityHelper.java:75)
[22:45:12] [Client thread/INFO] [STDERR]: [journeymap.common.log.LogFormatter:toString:25]: 	at journeymap.client.model.EntityHelper.getAnimalsNearby(EntityHelper.java:112)
[22:45:12] [Client thread/INFO] [STDERR]: [journeymap.common.log.LogFormatter:toString:25]: 	at journeymap.client.data.AnimalsData.load(AnimalsData.java:36)
[22:45:12] [Client thread/INFO] [STDERR]: [journeymap.common.log.LogFormatter:toString:25]: 	at journeymap.client.data.AnimalsData.load(AnimalsData.java:26)
[22:45:12] [Client thread/INFO] [STDERR]: [journeymap.common.log.LogFormatter:toString:25]: 	at com.google.common.cache.LocalCache$LoadingValueReference.loadFuture(LocalCache.java:3716)
[22:45:12] [Client thread/INFO] [STDERR]: [journeymap.common.log.LogFormatter:toString:25]: 	at com.google.common.cache.LocalCache$Segment.loadSync(LocalCache.java:2424)
[22:45:12] [Client thread/INFO] [STDERR]: [journeymap.common.log.LogFormatter:toString:25]: 	at com.google.common.cache.LocalCache$Segment.lockedGetOrLoad(LocalCache.java:2298)
[22:45:12] [Client thread/INFO] [STDERR]: [journeymap.common.log.LogFormatter:toString:25]: 	at com.google.common.cache.LocalCache$Segment.get(LocalCache.java:2211)
[22:45:12] [Client thread/INFO] [STDERR]: [journeymap.common.log.LogFormatter:toString:25]: 	at com.google.common.cache.LocalCache.get(LocalCache.java:4154)
[22:45:12] [Client thread/INFO] [STDERR]: [journeymap.common.log.LogFormatter:toString:25]: 	at com.google.common.cache.LocalCache.getOrLoad(LocalCache.java:4158)
[22:45:12] [Client thread/INFO] [STDERR]: [journeymap.common.log.LogFormatter:toString:25]: 	at com.google.common.cache.LocalCache$LocalLoadingCache.get(LocalCache.java:5147)
[22:45:12] [Client thread/INFO] [STDERR]: [journeymap.common.log.LogFormatter:toString:25]: 	at journeymap.client.data.DataCache.getAnimals(DataCache.java:243)
[22:45:12] [Client thread/INFO] [STDERR]: [journeymap.common.log.LogFormatter:toString:25]: 	at journeymap.client.model.MapState.generateDrawSteps(MapState.java:425)
[22:45:12] [Client thread/INFO] [STDERR]: [journeymap.common.log.LogFormatter:toString:25]: 	at journeymap.client.ui.minimap.MiniMap.drawMap(MiniMap.java:231)
[22:45:12] [Client thread/INFO] [STDERR]: [journeymap.common.log.LogFormatter:toString:25]: 	at journeymap.client.ui.minimap.MiniMap.drawMap(MiniMap.java:174)
[22:45:12] [Client thread/INFO] [STDERR]: [journeymap.common.log.LogFormatter:toString:25]: 	at journeymap.client.ui.UIManager.drawMiniMap(UIManager.java:328)
[22:45:12] [Client thread/INFO] [STDERR]: [journeymap.common.log.LogFormatter:toString:25]: 	at journeymap.client.forge.event.MiniMapOverlayHandler.onRenderOverlay(MiniMapOverlayHandler.java:103)
[22:45:12] [Client thread/INFO] [STDERR]: [journeymap.common.log.LogFormatter:toString:25]: 	at net.minecraftforge.fml.common.eventhandler.ASMEventHandler_779_MiniMapOverlayHandler_onRenderOverlay_RenderGameOverlayEvent.invoke(.dynamic)
[22:45:12] [Client thread/INFO] [STDERR]: [journeymap.common.log.LogFormatter:toString:25]: 	at net.minecraftforge.fml.common.eventhandler.ASMEventHandler.invoke(ASMEventHandler.java:90)
[22:45:12] [Client thread/INFO] [STDERR]: [journeymap.common.log.LogFormatter:toString:25]: 	at net.minecraftforge.fml.common.eventhandler.EventBus.post(EventBus.java:182)
[22:45:12] [Client thread/INFO] [STDERR]: [journeymap.common.log.LogFormatter:toString:25]: 	at net.minecraftforge.client.GuiIngameForge.pre(GuiIngameForge.java:910)
[22:45:12] [Client thread/INFO] [STDERR]: [journeymap.common.log.LogFormatter:toString:25]: 	at net.minecraftforge.client.GuiIngameForge.renderGameOverlay(GuiIngameForge.java:119)
[22:45:12] [Client thread/INFO] [STDERR]: [journeymap.common.log.LogFormatter:toString:25]: 	at net.minecraft.client.renderer.EntityRenderer.updateCameraAndRender(EntityRenderer.java:1151)
[22:45:12] [Client thread/INFO] [STDERR]: [journeymap.common.log.LogFormatter:toString:25]: 	at net.minecraft.client.Minecraft.runGameLoop(Minecraft.java:1209)
[22:45:12] [Client thread/INFO] [STDERR]: [journeymap.common.log.LogFormatter:toString:25]: 	at net.minecraft.client.Minecraft.run(Minecraft.java:442)
[22:45:12] [Client thread/INFO] [STDERR]: [journeymap.common.log.LogFormatter:toString:25]: 	at net.minecraft.client.main.Main.main(Main.java:118)
[22:45:12] [Client thread/INFO] [STDERR]: [journeymap.common.log.LogFormatter:toString:25]: 	at sun.reflect.NativeMethodAccessorImpl.invoke0(Native Method)
[22:45:12] [Client thread/INFO] [STDERR]: [journeymap.common.log.LogFormatter:toString:25]: 	at sun.reflect.NativeMethodAccessorImpl.invoke(NativeMethodAccessorImpl.java:62)
[22:45:12] [Client thread/INFO] [STDERR]: [journeymap.common.log.LogFormatter:toString:25]: 	at sun.reflect.DelegatingMethodAccessorImpl.invoke(DelegatingMethodAccessorImpl.java:43)
[22:45:12] [Client thread/INFO] [STDERR]: [journeymap.common.log.LogFormatter:toString:25]: 	at java.lang.reflect.Method.invoke(Method.java:498)
[22:45:12] [Client thread/INFO] [STDERR]: [journeymap.common.log.LogFormatter:toString:25]: 	at net.minecraft.launchwrapper.Launch.launch(Launch.java:135)
[22:45:12] [Client thread/INFO] [STDERR]: [journeymap.common.log.LogFormatter:toString:25]: 	at net.minecraft.launchwrapper.Launch.main(Launch.java:28)
[22:45:12] [Client thread/INFO] [STDERR]: [journeymap.common.log.LogFormatter:toString:25]: 	at sun.reflect.NativeMethodAccessorImpl.invoke0(Native Method)
[22:45:12] [Client thread/INFO] [STDERR]: [journeymap.common.log.LogFormatter:toString:25]: 	at sun.reflect.NativeMethodAccessorImpl.invoke(NativeMethodAccessorImpl.java:62)
[22:45:12] [Client thread/INFO] [STDERR]: [journeymap.common.log.LogFormatter:toString:25]: 	at sun.reflect.DelegatingMethodAccessorImpl.invoke(DelegatingMethodAccessorImpl.java:43)
[22:45:12] [Client thread/INFO] [STDERR]: [journeymap.common.log.LogFormatter:toString:25]: 	at java.lang.reflect.Method.invoke(Method.java:498)
[22:45:12] [Client thread/INFO] [STDERR]: [journeymap.common.log.LogFormatter:toString:25]: 	at net.minecraftforge.gradle.GradleStartCommon.launch(GradleStartCommon.java:97)
[22:45:12] [Client thread/INFO] [STDERR]: [journeymap.common.log.LogFormatter:toString:25]: 	at GradleStart.main(GradleStart.java:25)
[22:45:12] [Client thread/ERROR] [journeymap]: java.lang.NoSuchMethodError: net.minecraft.client.renderer.entity.Render.func_110775_a(Lnet/minecraft/entity/Entity;)Lnet/minecraft/util/ResourceLocation;
	at net.minecraft.client.renderer.entity.RenderFacade.getEntityTexture(RenderFacade.java:29)
	at journeymap.client.model.EntityHelper.getIconTextureLocation(EntityHelper.java:278)
	at journeymap.client.model.EntityDTO.update(EntityDTO.java:205)
	at journeymap.client.model.EntityHelper.getEntitiesNearby(EntityHelper.java:75)
	at journeymap.client.model.EntityHelper.getAnimalsNearby(EntityHelper.java:112)
	at journeymap.client.data.AnimalsData.load(AnimalsData.java:36)
	at journeymap.client.data.AnimalsData.load(AnimalsData.java:26)
	at com.google.common.cache.LocalCache$LoadingValueReference.loadFuture(LocalCache.java:3716)
	at com.google.common.cache.LocalCache$Segment.loadSync(LocalCache.java:2424)
	at com.google.common.cache.LocalCache$Segment.lockedGetOrLoad(LocalCache.java:2298)
	at com.google.common.cache.LocalCache$Segment.get(LocalCache.java:2211)
	at com.google.common.cache.LocalCache.get(LocalCache.java:4154)
	at com.google.common.cache.LocalCache.getOrLoad(LocalCache.java:4158)
	at com.google.common.cache.LocalCache$LocalLoadingCache.get(LocalCache.java:5147)
	at journeymap.client.data.DataCache.getAnimals(DataCache.java:243)
	at journeymap.client.model.MapState.generateDrawSteps(MapState.java:425)
	at journeymap.client.ui.minimap.MiniMap.drawMap(MiniMap.java:231)
	at journeymap.client.ui.minimap.MiniMap.drawMap(MiniMap.java:174)
	at journeymap.client.ui.UIManager.drawMiniMap(UIManager.java:328)
	at journeymap.client.forge.event.MiniMapOverlayHandler.onRenderOverlay(MiniMapOverlayHandler.java:103)
	at net.minecraftforge.fml.common.eventhandler.ASMEventHandler_779_MiniMapOverlayHandler_onRenderOverlay_RenderGameOverlayEvent.invoke(.dynamic)
	at net.minecraftforge.fml.common.eventhandler.ASMEventHandler.invoke(ASMEventHandler.java:90)
	at net.minecraftforge.fml.common.eventhandler.EventBus.post(EventBus.java:182)
	at net.minecraftforge.client.GuiIngameForge.pre(GuiIngameForge.java:910)
	at net.minecraftforge.client.GuiIngameForge.renderGameOverlay(GuiIngameForge.java:119)
	at net.minecraft.client.renderer.EntityRenderer.updateCameraAndRender(EntityRenderer.java:1151)
	at net.minecraft.client.Minecraft.runGameLoop(Minecraft.java:1209)
	at net.minecraft.client.Minecraft.run(Minecraft.java:442)
	at net.minecraft.client.main.Main.main(Main.java:118)
	at sun.reflect.NativeMethodAccessorImpl.invoke0(Native Method)
	at sun.reflect.NativeMethodAccessorImpl.invoke(NativeMethodAccessorImpl.java:62)
	at sun.reflect.DelegatingMethodAccessorImpl.invoke(DelegatingMethodAccessorImpl.java:43)
	at java.lang.reflect.Method.invoke(Method.java:498)
	at net.minecraft.launchwrapper.Launch.launch(Launch.java:135)
	at net.minecraft.launchwrapper.Launch.main(Launch.java:28)
	at sun.reflect.NativeMethodAccessorImpl.invoke0(Native Method)
	at sun.reflect.NativeMethodAccessorImpl.invoke(NativeMethodAccessorImpl.java:62)
	at sun.reflect.DelegatingMethodAccessorImpl.invoke(DelegatingMethodAccessorImpl.java:43)
	at java.lang.reflect.Method.invoke(Method.java:498)
	at net.minecraftforge.gradle.GradleStartCommon.launch(GradleStartCommon.java:97)
	at GradleStart.main(GradleStart.java:25)

[22:45:12] [Client thread/ERROR] [journeymap]: Can't get entityTexture for Creeper (SUPPRESSED)
[22:45:12] [Client thread/INFO] [STDERR]: [journeymap.common.log.LogFormatter:toString:25]: java.lang.NoSuchMethodError: net.minecraft.client.renderer.entity.Render.func_110775_a(Lnet/minecraft/entity/Entity;)Lnet/minecraft/util/ResourceLocation;
[22:45:12] [Client thread/INFO] [STDERR]: [journeymap.common.log.LogFormatter:toString:25]: 	at net.minecraft.client.renderer.entity.RenderFacade.getEntityTexture(RenderFacade.java:29)
[22:45:12] [Client thread/INFO] [STDERR]: [journeymap.common.log.LogFormatter:toString:25]: 	at journeymap.client.model.EntityHelper.getIconTextureLocation(EntityHelper.java:278)
[22:45:12] [Client thread/INFO] [STDERR]: [journeymap.common.log.LogFormatter:toString:25]: 	at journeymap.client.model.EntityDTO.update(EntityDTO.java:205)
[22:45:12] [Client thread/INFO] [STDERR]: [journeymap.common.log.LogFormatter:toString:25]: 	at journeymap.client.model.EntityHelper.getEntitiesNearby(EntityHelper.java:75)
[22:45:12] [Client thread/INFO] [STDERR]: [journeymap.common.log.LogFormatter:toString:25]: 	at journeymap.client.model.EntityHelper.getMobsNearby(EntityHelper.java:102)
[22:45:12] [Client thread/INFO] [STDERR]: [journeymap.common.log.LogFormatter:toString:25]: 	at journeymap.client.data.MobsData.load(MobsData.java:34)
[22:45:12] [Client thread/INFO] [STDERR]: [journeymap.common.log.LogFormatter:toString:25]: 	at journeymap.client.data.MobsData.load(MobsData.java:24)
[22:45:12] [Client thread/INFO] [STDERR]: [journeymap.common.log.LogFormatter:toString:25]: 	at com.google.common.cache.LocalCache$LoadingValueReference.loadFuture(LocalCache.java:3716)
[22:45:12] [Client thread/INFO] [STDERR]: [journeymap.common.log.LogFormatter:toString:25]: 	at com.google.common.cache.LocalCache$Segment.loadSync(LocalCache.java:2424)
[22:45:12] [Client thread/INFO] [STDERR]: [journeymap.common.log.LogFormatter:toString:25]: 	at com.google.common.cache.LocalCache$Segment.lockedGetOrLoad(LocalCache.java:2298)
[22:45:12] [Client thread/INFO] [STDERR]: [journeymap.common.log.LogFormatter:toString:25]: 	at com.google.common.cache.LocalCache$Segment.get(LocalCache.java:2211)
[22:45:12] [Client thread/INFO] [STDERR]: [journeymap.common.log.LogFormatter:toString:25]: 	at com.google.common.cache.LocalCache.get(LocalCache.java:4154)
[22:45:12] [Client thread/INFO] [STDERR]: [journeymap.common.log.LogFormatter:toString:25]: 	at com.google.common.cache.LocalCache.getOrLoad(LocalCache.java:4158)
[22:45:12] [Client thread/INFO] [STDERR]: [journeymap.common.log.LogFormatter:toString:25]: 	at com.google.common.cache.LocalCache$LocalLoadingCache.get(LocalCache.java:5147)
[22:45:12] [Client thread/INFO] [STDERR]: [journeymap.common.log.LogFormatter:toString:25]: 	at journeymap.client.data.DataCache.getMobs(DataCache.java:263)
[22:45:12] [Client thread/INFO] [STDERR]: [journeymap.common.log.LogFormatter:toString:25]: 	at journeymap.client.model.MapState.generateDrawSteps(MapState.java:439)
[22:45:12] [Client thread/INFO] [STDERR]: [journeymap.common.log.LogFormatter:toString:25]: 	at journeymap.client.ui.minimap.MiniMap.drawMap(MiniMap.java:231)
[22:45:12] [Client thread/INFO] [STDERR]: [journeymap.common.log.LogFormatter:toString:25]: 	at journeymap.client.ui.minimap.MiniMap.drawMap(MiniMap.java:174)
[22:45:12] [Client thread/INFO] [STDERR]: [journeymap.common.log.LogFormatter:toString:25]: 	at journeymap.client.ui.UIManager.drawMiniMap(UIManager.java:328)
[22:45:12] [Client thread/INFO] [STDERR]: [journeymap.common.log.LogFormatter:toString:25]: 	at journeymap.client.forge.event.MiniMapOverlayHandler.onRenderOverlay(MiniMapOverlayHandler.java:103)
[22:45:12] [Client thread/INFO] [STDERR]: [journeymap.common.log.LogFormatter:toString:25]: 	at net.minecraftforge.fml.common.eventhandler.ASMEventHandler_779_MiniMapOverlayHandler_onRenderOverlay_RenderGameOverlayEvent.invoke(.dynamic)
[22:45:12] [Client thread/INFO] [STDERR]: [journeymap.common.log.LogFormatter:toString:25]: 	at net.minecraftforge.fml.common.eventhandler.ASMEventHandler.invoke(ASMEventHandler.java:90)
[22:45:12] [Client thread/INFO] [STDERR]: [journeymap.common.log.LogFormatter:toString:25]: 	at net.minecraftforge.fml.common.eventhandler.EventBus.post(EventBus.java:182)
[22:45:12] [Client thread/INFO] [STDERR]: [journeymap.common.log.LogFormatter:toString:25]: 	at net.minecraftforge.client.GuiIngameForge.pre(GuiIngameForge.java:910)
[22:45:12] [Client thread/INFO] [STDERR]: [journeymap.common.log.LogFormatter:toString:25]: 	at net.minecraftforge.client.GuiIngameForge.renderGameOverlay(GuiIngameForge.java:119)
[22:45:12] [Client thread/INFO] [STDERR]: [journeymap.common.log.LogFormatter:toString:25]: 	at net.minecraft.client.renderer.EntityRenderer.updateCameraAndRender(EntityRenderer.java:1151)
[22:45:12] [Client thread/INFO] [STDERR]: [journeymap.common.log.LogFormatter:toString:25]: 	at net.minecraft.client.Minecraft.runGameLoop(Minecraft.java:1209)
[22:45:12] [Client thread/INFO] [STDERR]: [journeymap.common.log.LogFormatter:toString:25]: 	at net.minecraft.client.Minecraft.run(Minecraft.java:442)
[22:45:12] [Client thread/INFO] [STDERR]: [journeymap.common.log.LogFormatter:toString:25]: 	at net.minecraft.client.main.Main.main(Main.java:118)
[22:45:12] [Client thread/INFO] [STDERR]: [journeymap.common.log.LogFormatter:toString:25]: 	at sun.reflect.NativeMethodAccessorImpl.invoke0(Native Method)
[22:45:12] [Client thread/INFO] [STDERR]: [journeymap.common.log.LogFormatter:toString:25]: 	at sun.reflect.NativeMethodAccessorImpl.invoke(NativeMethodAccessorImpl.java:62)
[22:45:12] [Client thread/INFO] [STDERR]: [journeymap.common.log.LogFormatter:toString:25]: 	at sun.reflect.DelegatingMethodAccessorImpl.invoke(DelegatingMethodAccessorImpl.java:43)
[22:45:12] [Client thread/INFO] [STDERR]: [journeymap.common.log.LogFormatter:toString:25]: 	at java.lang.reflect.Method.invoke(Method.java:498)
[22:45:12] [Client thread/INFO] [STDERR]: [journeymap.common.log.LogFormatter:toString:25]: 	at net.minecraft.launchwrapper.Launch.launch(Launch.java:135)
[22:45:12] [Client thread/INFO] [STDERR]: [journeymap.common.log.LogFormatter:toString:25]: 	at net.minecraft.launchwrapper.Launch.main(Launch.java:28)
[22:45:12] [Client thread/INFO] [STDERR]: [journeymap.common.log.LogFormatter:toString:25]: 	at sun.reflect.NativeMethodAccessorImpl.invoke0(Native Method)
[22:45:12] [Client thread/INFO] [STDERR]: [journeymap.common.log.LogFormatter:toString:25]: 	at sun.reflect.NativeMethodAccessorImpl.invoke(NativeMethodAccessorImpl.java:62)
[22:45:12] [Client thread/INFO] [STDERR]: [journeymap.common.log.LogFormatter:toString:25]: 	at sun.reflect.DelegatingMethodAccessorImpl.invoke(DelegatingMethodAccessorImpl.java:43)
[22:45:12] [Client thread/INFO] [STDERR]: [journeymap.common.log.LogFormatter:toString:25]: 	at java.lang.reflect.Method.invoke(Method.java:498)
[22:45:12] [Client thread/INFO] [STDERR]: [journeymap.common.log.LogFormatter:toString:25]: 	at net.minecraftforge.gradle.GradleStartCommon.launch(GradleStartCommon.java:97)
[22:45:12] [Client thread/INFO] [STDERR]: [journeymap.common.log.LogFormatter:toString:25]: 	at GradleStart.main(GradleStart.java:25)
[22:45:12] [Client thread/ERROR] [journeymap]: java.lang.NoSuchMethodError: net.minecraft.client.renderer.entity.Render.func_110775_a(Lnet/minecraft/entity/Entity;)Lnet/minecraft/util/ResourceLocation;
	at net.minecraft.client.renderer.entity.RenderFacade.getEntityTexture(RenderFacade.java:29)
	at journeymap.client.model.EntityHelper.getIconTextureLocation(EntityHelper.java:278)
	at journeymap.client.model.EntityDTO.update(EntityDTO.java:205)
	at journeymap.client.model.EntityHelper.getEntitiesNearby(EntityHelper.java:75)
	at journeymap.client.model.EntityHelper.getMobsNearby(EntityHelper.java:102)
	at journeymap.client.data.MobsData.load(MobsData.java:34)
	at journeymap.client.data.MobsData.load(MobsData.java:24)
	at com.google.common.cache.LocalCache$LoadingValueReference.loadFuture(LocalCache.java:3716)
	at com.google.common.cache.LocalCache$Segment.loadSync(LocalCache.java:2424)
	at com.google.common.cache.LocalCache$Segment.lockedGetOrLoad(LocalCache.java:2298)
	at com.google.common.cache.LocalCache$Segment.get(LocalCache.java:2211)
	at com.google.common.cache.LocalCache.get(LocalCache.java:4154)
	at com.google.common.cache.LocalCache.getOrLoad(LocalCache.java:4158)
	at com.google.common.cache.LocalCache$LocalLoadingCache.get(LocalCache.java:5147)
	at journeymap.client.data.DataCache.getMobs(DataCache.java:263)
	at journeymap.client.model.MapState.generateDrawSteps(MapState.java:439)
	at journeymap.client.ui.minimap.MiniMap.drawMap(MiniMap.java:231)
	at journeymap.client.ui.minimap.MiniMap.drawMap(MiniMap.java:174)
	at journeymap.client.ui.UIManager.drawMiniMap(UIManager.java:328)
	at journeymap.client.forge.event.MiniMapOverlayHandler.onRenderOverlay(MiniMapOverlayHandler.java:103)
	at net.minecraftforge.fml.common.eventhandler.ASMEventHandler_779_MiniMapOverlayHandler_onRenderOverlay_RenderGameOverlayEvent.invoke(.dynamic)
	at net.minecraftforge.fml.common.eventhandler.ASMEventHandler.invoke(ASMEventHandler.java:90)
	at net.minecraftforge.fml.common.eventhandler.EventBus.post(EventBus.java:182)
	at net.minecraftforge.client.GuiIngameForge.pre(GuiIngameForge.java:910)
	at net.minecraftforge.client.GuiIngameForge.renderGameOverlay(GuiIngameForge.java:119)
	at net.minecraft.client.renderer.EntityRenderer.updateCameraAndRender(EntityRenderer.java:1151)
	at net.minecraft.client.Minecraft.runGameLoop(Minecraft.java:1209)
	at net.minecraft.client.Minecraft.run(Minecraft.java:442)
	at net.minecraft.client.main.Main.main(Main.java:118)
	at sun.reflect.NativeMethodAccessorImpl.invoke0(Native Method)
	at sun.reflect.NativeMethodAccessorImpl.invoke(NativeMethodAccessorImpl.java:62)
	at sun.reflect.DelegatingMethodAccessorImpl.invoke(DelegatingMethodAccessorImpl.java:43)
	at java.lang.reflect.Method.invoke(Method.java:498)
	at net.minecraft.launchwrapper.Launch.launch(Launch.java:135)
	at net.minecraft.launchwrapper.Launch.main(Launch.java:28)
	at sun.reflect.NativeMethodAccessorImpl.invoke0(Native Method)
	at sun.reflect.NativeMethodAccessorImpl.invoke(NativeMethodAccessorImpl.java:62)
	at sun.reflect.DelegatingMethodAccessorImpl.invoke(DelegatingMethodAccessorImpl.java:43)
	at java.lang.reflect.Method.invoke(Method.java:498)
	at net.minecraftforge.gradle.GradleStartCommon.launch(GradleStartCommon.java:97)
	at GradleStart.main(GradleStart.java:25)

[22:45:12] [Client thread/ERROR] [journeymap]: Can't get entityTexture for Zombie (SUPPRESSED)
[22:45:12] [Client thread/ERROR] [journeymap]: java.lang.NoSuchMethodError: net.minecraft.client.renderer.entity.Render.func_110775_a(Lnet/minecraft/entity/Entity;)Lnet/minecraft/util/ResourceLocation;
	at net.minecraft.client.renderer.entity.RenderFacade.getEntityTexture(RenderFacade.java:29)
	at journeymap.client.model.EntityHelper.getIconTextureLocation(EntityHelper.java:278)
	at journeymap.client.model.EntityDTO.update(EntityDTO.java:205)
	at journeymap.client.model.EntityHelper.getEntitiesNearby(EntityHelper.java:75)
	at journeymap.client.model.EntityHelper.getMobsNearby(EntityHelper.java:102)
	at journeymap.client.data.MobsData.load(MobsData.java:34)
	at journeymap.client.data.MobsData.load(MobsData.java:24)
	at com.google.common.cache.LocalCache$LoadingValueReference.loadFuture(LocalCache.java:3716)
	at com.google.common.cache.LocalCache$Segment.loadSync(LocalCache.java:2424)
	at com.google.common.cache.LocalCache$Segment.lockedGetOrLoad(LocalCache.java:2298)
	at com.google.common.cache.LocalCache$Segment.get(LocalCache.java:2211)
	at com.google.common.cache.LocalCache.get(LocalCache.java:4154)
	at com.google.common.cache.LocalCache.getOrLoad(LocalCache.java:4158)
	at com.google.common.cache.LocalCache$LocalLoadingCache.get(LocalCache.java:5147)
	at journeymap.client.data.DataCache.getMobs(DataCache.java:263)
	at journeymap.client.model.MapState.generateDrawSteps(MapState.java:439)
	at journeymap.client.ui.minimap.MiniMap.drawMap(MiniMap.java:231)
	at journeymap.client.ui.minimap.MiniMap.drawMap(MiniMap.java:174)
	at journeymap.client.ui.UIManager.drawMiniMap(UIManager.java:328)
	at journeymap.client.forge.event.MiniMapOverlayHandler.onRenderOverlay(MiniMapOverlayHandler.java:103)
	at net.minecraftforge.fml.common.eventhandler.ASMEventHandler_779_MiniMapOverlayHandler_onRenderOverlay_RenderGameOverlayEvent.invoke(.dynamic)
	at net.minecraftforge.fml.common.eventhandler.ASMEventHandler.invoke(ASMEventHandler.java:90)
	at net.minecraftforge.fml.common.eventhandler.EventBus.post(EventBus.java:182)
	at net.minecraftforge.client.GuiIngameForge.pre(GuiIngameForge.java:910)
	at net.minecraftforge.client.GuiIngameForge.renderGameOverlay(GuiIngameForge.java:119)
	at net.minecraft.client.renderer.EntityRenderer.updateCameraAndRender(EntityRenderer.java:1151)
	at net.minecraft.client.Minecraft.runGameLoop(Minecraft.java:1209)
	at net.minecraft.client.Minecraft.run(Minecraft.java:442)
	at net.minecraft.client.main.Main.main(Main.java:118)
	at sun.reflect.NativeMethodAccessorImpl.invoke0(Native Method)
	at sun.reflect.NativeMethodAccessorImpl.invoke(NativeMethodAccessorImpl.java:62)
	at sun.reflect.DelegatingMethodAccessorImpl.invoke(DelegatingMethodAccessorImpl.java:43)
	at java.lang.reflect.Method.invoke(Method.java:498)
	at net.minecraft.launchwrapper.Launch.launch(Launch.java:135)
	at net.minecraft.launchwrapper.Launch.main(Launch.java:28)
	at sun.reflect.NativeMethodAccessorImpl.invoke0(Native Method)
	at sun.reflect.NativeMethodAccessorImpl.invoke(NativeMethodAccessorImpl.java:62)
	at sun.reflect.DelegatingMethodAccessorImpl.invoke(DelegatingMethodAccessorImpl.java:43)
	at java.lang.reflect.Method.invoke(Method.java:498)
	at net.minecraftforge.gradle.GradleStartCommon.launch(GradleStartCommon.java:97)
	at GradleStart.main(GradleStart.java:25)

[22:45:12] [Client thread/ERROR] [journeymap]: Can't get entityTexture for Spider (SUPPRESSED)
[22:45:12] [Client thread/ERROR] [journeymap]: java.lang.NoSuchMethodError: net.minecraft.client.renderer.entity.Render.func_110775_a(Lnet/minecraft/entity/Entity;)Lnet/minecraft/util/ResourceLocation;
	at net.minecraft.client.renderer.entity.RenderFacade.getEntityTexture(RenderFacade.java:29)
	at journeymap.client.model.EntityHelper.getIconTextureLocation(EntityHelper.java:278)
	at journeymap.client.model.EntityDTO.update(EntityDTO.java:205)
	at journeymap.client.model.EntityHelper.getEntitiesNearby(EntityHelper.java:75)
	at journeymap.client.model.EntityHelper.getMobsNearby(EntityHelper.java:102)
	at journeymap.client.data.MobsData.load(MobsData.java:34)
	at journeymap.client.data.MobsData.load(MobsData.java:24)
	at com.google.common.cache.LocalCache$LoadingValueReference.loadFuture(LocalCache.java:3716)
	at com.google.common.cache.LocalCache$Segment.loadSync(LocalCache.java:2424)
	at com.google.common.cache.LocalCache$Segment.lockedGetOrLoad(LocalCache.java:2298)
	at com.google.common.cache.LocalCache$Segment.get(LocalCache.java:2211)
	at com.google.common.cache.LocalCache.get(LocalCache.java:4154)
	at com.google.common.cache.LocalCache.getOrLoad(LocalCache.java:4158)
	at com.google.common.cache.LocalCache$LocalLoadingCache.get(LocalCache.java:5147)
	at journeymap.client.data.DataCache.getMobs(DataCache.java:263)
	at journeymap.client.model.MapState.generateDrawSteps(MapState.java:439)
	at journeymap.client.ui.minimap.MiniMap.drawMap(MiniMap.java:231)
	at journeymap.client.ui.minimap.MiniMap.drawMap(MiniMap.java:174)
	at journeymap.client.ui.UIManager.drawMiniMap(UIManager.java:328)
	at journeymap.client.forge.event.MiniMapOverlayHandler.onRenderOverlay(MiniMapOverlayHandler.java:103)
	at net.minecraftforge.fml.common.eventhandler.ASMEventHandler_779_MiniMapOverlayHandler_onRenderOverlay_RenderGameOverlayEvent.invoke(.dynamic)
	at net.minecraftforge.fml.common.eventhandler.ASMEventHandler.invoke(ASMEventHandler.java:90)
	at net.minecraftforge.fml.common.eventhandler.EventBus.post(EventBus.java:182)
	at net.minecraftforge.client.GuiIngameForge.pre(GuiIngameForge.java:910)
	at net.minecraftforge.client.GuiIngameForge.renderGameOverlay(GuiIngameForge.java:119)
	at net.minecraft.client.renderer.EntityRenderer.updateCameraAndRender(EntityRenderer.java:1151)
	at net.minecraft.client.Minecraft.runGameLoop(Minecraft.java:1209)
	at net.minecraft.client.Minecraft.run(Minecraft.java:442)
	at net.minecraft.client.main.Main.main(Main.java:118)
	at sun.reflect.NativeMethodAccessorImpl.invoke0(Native Method)
	at sun.reflect.NativeMethodAccessorImpl.invoke(NativeMethodAccessorImpl.java:62)
	at sun.reflect.DelegatingMethodAccessorImpl.invoke(DelegatingMethodAccessorImpl.java:43)
	at java.lang.reflect.Method.invoke(Method.java:498)
	at net.minecraft.launchwrapper.Launch.launch(Launch.java:135)
	at net.minecraft.launchwrapper.Launch.main(Launch.java:28)
	at sun.reflect.NativeMethodAccessorImpl.invoke0(Native Method)
	at sun.reflect.NativeMethodAccessorImpl.invoke(NativeMethodAccessorImpl.java:62)
	at sun.reflect.DelegatingMethodAccessorImpl.invoke(DelegatingMethodAccessorImpl.java:43)
	at java.lang.reflect.Method.invoke(Method.java:498)
	at net.minecraftforge.gradle.GradleStartCommon.launch(GradleStartCommon.java:97)
	at GradleStart.main(GradleStart.java:25)

[22:45:12] [Client thread/ERROR] [journeymap]: Can't get entityTexture for Skeleton (SUPPRESSED)
[22:45:12] [Client thread/ERROR] [journeymap]: java.lang.NoSuchMethodError: net.minecraft.client.renderer.entity.Render.func_110775_a(Lnet/minecraft/entity/Entity;)Lnet/minecraft/util/ResourceLocation;
	at net.minecraft.client.renderer.entity.RenderFacade.getEntityTexture(RenderFacade.java:29)
	at journeymap.client.model.EntityHelper.getIconTextureLocation(EntityHelper.java:278)
	at journeymap.client.model.EntityDTO.update(EntityDTO.java:205)
	at journeymap.client.model.EntityHelper.getEntitiesNearby(EntityHelper.java:75)
	at journeymap.client.model.EntityHelper.getMobsNearby(EntityHelper.java:102)
	at journeymap.client.data.MobsData.load(MobsData.java:34)
	at journeymap.client.data.MobsData.load(MobsData.java:24)
	at com.google.common.cache.LocalCache$LoadingValueReference.loadFuture(LocalCache.java:3716)
	at com.google.common.cache.LocalCache$Segment.loadSync(LocalCache.java:2424)
	at com.google.common.cache.LocalCache$Segment.lockedGetOrLoad(LocalCache.java:2298)
	at com.google.common.cache.LocalCache$Segment.get(LocalCache.java:2211)
	at com.google.common.cache.LocalCache.get(LocalCache.java:4154)
	at com.google.common.cache.LocalCache.getOrLoad(LocalCache.java:4158)
	at com.google.common.cache.LocalCache$LocalLoadingCache.get(LocalCache.java:5147)
	at journeymap.client.data.DataCache.getMobs(DataCache.java:263)
	at journeymap.client.model.MapState.generateDrawSteps(MapState.java:439)
	at journeymap.client.ui.minimap.MiniMap.drawMap(MiniMap.java:231)
	at journeymap.client.ui.minimap.MiniMap.drawMap(MiniMap.java:174)
	at journeymap.client.ui.UIManager.drawMiniMap(UIManager.java:328)
	at journeymap.client.forge.event.MiniMapOverlayHandler.onRenderOverlay(MiniMapOverlayHandler.java:103)
	at net.minecraftforge.fml.common.eventhandler.ASMEventHandler_779_MiniMapOverlayHandler_onRenderOverlay_RenderGameOverlayEvent.invoke(.dynamic)
	at net.minecraftforge.fml.common.eventhandler.ASMEventHandler.invoke(ASMEventHandler.java:90)
	at net.minecraftforge.fml.common.eventhandler.EventBus.post(EventBus.java:182)
	at net.minecraftforge.client.GuiIngameForge.pre(GuiIngameForge.java:910)
	at net.minecraftforge.client.GuiIngameForge.renderGameOverlay(GuiIngameForge.java:119)
	at net.minecraft.client.renderer.EntityRenderer.updateCameraAndRender(EntityRenderer.java:1151)
	at net.minecraft.client.Minecraft.runGameLoop(Minecraft.java:1209)
	at net.minecraft.client.Minecraft.run(Minecraft.java:442)
	at net.minecraft.client.main.Main.main(Main.java:118)
	at sun.reflect.NativeMethodAccessorImpl.invoke0(Native Method)
	at sun.reflect.NativeMethodAccessorImpl.invoke(NativeMethodAccessorImpl.java:62)
	at sun.reflect.DelegatingMethodAccessorImpl.invoke(DelegatingMethodAccessorImpl.java:43)
	at java.lang.reflect.Method.invoke(Method.java:498)
	at net.minecraft.launchwrapper.Launch.launch(Launch.java:135)
	at net.minecraft.launchwrapper.Launch.main(Launch.java:28)
	at sun.reflect.NativeMethodAccessorImpl.invoke0(Native Method)
	at sun.reflect.NativeMethodAccessorImpl.invoke(NativeMethodAccessorImpl.java:62)
	at sun.reflect.DelegatingMethodAccessorImpl.invoke(DelegatingMethodAccessorImpl.java:43)
	at java.lang.reflect.Method.invoke(Method.java:498)
	at net.minecraftforge.gradle.GradleStartCommon.launch(GradleStartCommon.java:97)
	at GradleStart.main(GradleStart.java:25)

[22:45:42] [Client thread/ERROR] [journeymap]: Can't get entityTexture for Squid (SUPPRESSED)
[22:45:42] [Client thread/ERROR] [journeymap]: java.lang.NoSuchMethodError: net.minecraft.client.renderer.entity.Render.func_110775_a(Lnet/minecraft/entity/Entity;)Lnet/minecraft/util/ResourceLocation;
	at net.minecraft.client.renderer.entity.RenderFacade.getEntityTexture(RenderFacade.java:29)
	at journeymap.client.model.EntityHelper.getIconTextureLocation(EntityHelper.java:278)
	at journeymap.client.model.EntityDTO.update(EntityDTO.java:205)
	at journeymap.client.model.EntityHelper.getEntitiesNearby(EntityHelper.java:75)
	at journeymap.client.model.EntityHelper.getAnimalsNearby(EntityHelper.java:112)
	at journeymap.client.data.AnimalsData.load(AnimalsData.java:36)
	at journeymap.client.data.AnimalsData.load(AnimalsData.java:26)
	at com.google.common.cache.LocalCache$LoadingValueReference.loadFuture(LocalCache.java:3716)
	at com.google.common.cache.LocalCache$Segment.loadSync(LocalCache.java:2424)
	at com.google.common.cache.LocalCache$Segment.lockedGetOrLoad(LocalCache.java:2298)
	at com.google.common.cache.LocalCache$Segment.get(LocalCache.java:2211)
	at com.google.common.cache.LocalCache.get(LocalCache.java:4154)
	at com.google.common.cache.LocalCache.getOrLoad(LocalCache.java:4158)
	at com.google.common.cache.LocalCache$LocalLoadingCache.get(LocalCache.java:5147)
	at journeymap.client.data.DataCache.getAnimals(DataCache.java:243)
	at journeymap.client.model.MapState.generateDrawSteps(MapState.java:425)
	at journeymap.client.ui.minimap.MiniMap.drawMap(MiniMap.java:231)
	at journeymap.client.ui.minimap.MiniMap.drawMap(MiniMap.java:174)
	at journeymap.client.ui.UIManager.drawMiniMap(UIManager.java:328)
	at journeymap.client.forge.event.MiniMapOverlayHandler.onRenderOverlay(MiniMapOverlayHandler.java:103)
	at net.minecraftforge.fml.common.eventhandler.ASMEventHandler_779_MiniMapOverlayHandler_onRenderOverlay_RenderGameOverlayEvent.invoke(.dynamic)
	at net.minecraftforge.fml.common.eventhandler.ASMEventHandler.invoke(ASMEventHandler.java:90)
	at net.minecraftforge.fml.common.eventhandler.EventBus.post(EventBus.java:182)
	at net.minecraftforge.client.GuiIngameForge.pre(GuiIngameForge.java:910)
	at net.minecraftforge.client.GuiIngameForge.renderGameOverlay(GuiIngameForge.java:119)
	at net.minecraft.client.renderer.EntityRenderer.updateCameraAndRender(EntityRenderer.java:1151)
	at net.minecraft.client.Minecraft.runGameLoop(Minecraft.java:1209)
	at net.minecraft.client.Minecraft.run(Minecraft.java:442)
	at net.minecraft.client.main.Main.main(Main.java:118)
	at sun.reflect.NativeMethodAccessorImpl.invoke0(Native Method)
	at sun.reflect.NativeMethodAccessorImpl.invoke(NativeMethodAccessorImpl.java:62)
	at sun.reflect.DelegatingMethodAccessorImpl.invoke(DelegatingMethodAccessorImpl.java:43)
	at java.lang.reflect.Method.invoke(Method.java:498)
	at net.minecraft.launchwrapper.Launch.launch(Launch.java:135)
	at net.minecraft.launchwrapper.Launch.main(Launch.java:28)
	at sun.reflect.NativeMethodAccessorImpl.invoke0(Native Method)
	at sun.reflect.NativeMethodAccessorImpl.invoke(NativeMethodAccessorImpl.java:62)
	at sun.reflect.DelegatingMethodAccessorImpl.invoke(DelegatingMethodAccessorImpl.java:43)
	at java.lang.reflect.Method.invoke(Method.java:498)
	at net.minecraftforge.gradle.GradleStartCommon.launch(GradleStartCommon.java:97)
	at GradleStart.main(GradleStart.java:25)

[22:45:45] [Server thread/INFO] [net.minecraft.server.integrated.IntegratedServer]: Saving and pausing game...
[22:45:45] [Server thread/INFO] [net.minecraft.server.MinecraftServer]: Saving chunks for level 'New Worldê1'/overworld
[22:45:45] [Server thread/INFO] [net.minecraft.server.MinecraftServer]: Saving chunks for level 'New Worldê1'/overworld
[22:46:28] [Client thread/ERROR] [journeymap]: Can't get entityTexture for Witch (SUPPRESSED)
[22:46:28] [Client thread/ERROR] [journeymap]: java.lang.NoSuchMethodError: net.minecraft.client.renderer.entity.Render.func_110775_a(Lnet/minecraft/entity/Entity;)Lnet/minecraft/util/ResourceLocation;
	at net.minecraft.client.renderer.entity.RenderFacade.getEntityTexture(RenderFacade.java:29)
	at journeymap.client.model.EntityHelper.getIconTextureLocation(EntityHelper.java:278)
	at journeymap.client.model.EntityDTO.update(EntityDTO.java:205)
	at journeymap.client.model.EntityHelper.getEntitiesNearby(EntityHelper.java:75)
	at journeymap.client.model.EntityHelper.getMobsNearby(EntityHelper.java:102)
	at journeymap.client.data.MobsData.load(MobsData.java:34)
	at journeymap.client.data.MobsData.load(MobsData.java:24)
	at com.google.common.cache.LocalCache$LoadingValueReference.loadFuture(LocalCache.java:3716)
	at com.google.common.cache.LocalCache$Segment.loadSync(LocalCache.java:2424)
	at com.google.common.cache.LocalCache$Segment.lockedGetOrLoad(LocalCache.java:2298)
	at com.google.common.cache.LocalCache$Segment.get(LocalCache.java:2211)
	at com.google.common.cache.LocalCache.get(LocalCache.java:4154)
	at com.google.common.cache.LocalCache.getOrLoad(LocalCache.java:4158)
	at com.google.common.cache.LocalCache$LocalLoadingCache.get(LocalCache.java:5147)
	at journeymap.client.data.DataCache.getMobs(DataCache.java:263)
	at journeymap.client.model.MapState.generateDrawSteps(MapState.java:439)
	at journeymap.client.ui.minimap.MiniMap.drawMap(MiniMap.java:231)
	at journeymap.client.ui.minimap.MiniMap.drawMap(MiniMap.java:174)
	at journeymap.client.ui.UIManager.drawMiniMap(UIManager.java:328)
	at journeymap.client.forge.event.MiniMapOverlayHandler.onRenderOverlay(MiniMapOverlayHandler.java:103)
	at net.minecraftforge.fml.common.eventhandler.ASMEventHandler_779_MiniMapOverlayHandler_onRenderOverlay_RenderGameOverlayEvent.invoke(.dynamic)
	at net.minecraftforge.fml.common.eventhandler.ASMEventHandler.invoke(ASMEventHandler.java:90)
	at net.minecraftforge.fml.common.eventhandler.EventBus.post(EventBus.java:182)
	at net.minecraftforge.client.GuiIngameForge.pre(GuiIngameForge.java:910)
	at net.minecraftforge.client.GuiIngameForge.renderGameOverlay(GuiIngameForge.java:119)
	at net.minecraft.client.renderer.EntityRenderer.updateCameraAndRender(EntityRenderer.java:1151)
	at net.minecraft.client.Minecraft.runGameLoop(Minecraft.java:1209)
	at net.minecraft.client.Minecraft.run(Minecraft.java:442)
	at net.minecraft.client.main.Main.main(Main.java:118)
	at sun.reflect.NativeMethodAccessorImpl.invoke0(Native Method)
	at sun.reflect.NativeMethodAccessorImpl.invoke(NativeMethodAccessorImpl.java:62)
	at sun.reflect.DelegatingMethodAccessorImpl.invoke(DelegatingMethodAccessorImpl.java:43)
	at java.lang.reflect.Method.invoke(Method.java:498)
	at net.minecraft.launchwrapper.Launch.launch(Launch.java:135)
	at net.minecraft.launchwrapper.Launch.main(Launch.java:28)
	at sun.reflect.NativeMethodAccessorImpl.invoke0(Native Method)
	at sun.reflect.NativeMethodAccessorImpl.invoke(NativeMethodAccessorImpl.java:62)
	at sun.reflect.DelegatingMethodAccessorImpl.invoke(DelegatingMethodAccessorImpl.java:43)
	at java.lang.reflect.Method.invoke(Method.java:498)
	at net.minecraftforge.gradle.GradleStartCommon.launch(GradleStartCommon.java:97)
	at GradleStart.main(GradleStart.java:25)

[22:46:30] [Server thread/INFO] [net.minecraft.server.integrated.IntegratedServer]: Saving and pausing game...
[22:46:30] [Server thread/INFO] [net.minecraft.server.MinecraftServer]: Saving chunks for level 'New Worldê1'/overworld
[22:46:30] [Server thread/INFO] [net.minecraft.server.MinecraftServer]: Saving chunks for level 'New Worldê1'/overworld
[22:46:40] [Server thread/INFO] [net.minecraft.server.integrated.IntegratedServer]: Saving and pausing game...
[22:46:40] [Server thread/INFO] [net.minecraft.server.MinecraftServer]: Saving chunks for level 'New Worldê1'/overworld
[22:46:40] [Server thread/INFO] [net.minecraft.server.MinecraftServer]: Saving chunks for level 'New Worldê1'/overworld
[22:47:00] [Client thread/INFO] [net.minecraft.advancements.AdvancementList]: Loaded 17 advancements
[22:47:15] [Client thread/ERROR] [journeymap]: Can't get entityTexture for Zombie Villager (SUPPRESSED)
[22:47:15] [Client thread/ERROR] [journeymap]: java.lang.NoSuchMethodError: net.minecraft.client.renderer.entity.Render.func_110775_a(Lnet/minecraft/entity/Entity;)Lnet/minecraft/util/ResourceLocation;
	at net.minecraft.client.renderer.entity.RenderFacade.getEntityTexture(RenderFacade.java:29)
	at journeymap.client.model.EntityHelper.getIconTextureLocation(EntityHelper.java:278)
	at journeymap.client.model.EntityDTO.update(EntityDTO.java:205)
	at journeymap.client.model.EntityHelper.getEntitiesNearby(EntityHelper.java:75)
	at journeymap.client.model.EntityHelper.getMobsNearby(EntityHelper.java:102)
	at journeymap.client.data.MobsData.load(MobsData.java:34)
	at journeymap.client.data.MobsData.load(MobsData.java:24)
	at com.google.common.cache.LocalCache$LoadingValueReference.loadFuture(LocalCache.java:3716)
	at com.google.common.cache.LocalCache$Segment.loadSync(LocalCache.java:2424)
	at com.google.common.cache.LocalCache$Segment.lockedGetOrLoad(LocalCache.java:2298)
	at com.google.common.cache.LocalCache$Segment.get(LocalCache.java:2211)
	at com.google.common.cache.LocalCache.get(LocalCache.java:4154)
	at com.google.common.cache.LocalCache.getOrLoad(LocalCache.java:4158)
	at com.google.common.cache.LocalCache$LocalLoadingCache.get(LocalCache.java:5147)
	at journeymap.client.data.DataCache.getMobs(DataCache.java:263)
	at journeymap.client.model.MapState.generateDrawSteps(MapState.java:439)
	at journeymap.client.ui.minimap.MiniMap.drawMap(MiniMap.java:231)
	at journeymap.client.ui.minimap.MiniMap.drawMap(MiniMap.java:174)
	at journeymap.client.ui.UIManager.drawMiniMap(UIManager.java:328)
	at journeymap.client.forge.event.MiniMapOverlayHandler.onRenderOverlay(MiniMapOverlayHandler.java:103)
	at net.minecraftforge.fml.common.eventhandler.ASMEventHandler_779_MiniMapOverlayHandler_onRenderOverlay_RenderGameOverlayEvent.invoke(.dynamic)
	at net.minecraftforge.fml.common.eventhandler.ASMEventHandler.invoke(ASMEventHandler.java:90)
	at net.minecraftforge.fml.common.eventhandler.EventBus.post(EventBus.java:182)
	at net.minecraftforge.client.GuiIngameForge.pre(GuiIngameForge.java:910)
	at net.minecraftforge.client.GuiIngameForge.renderGameOverlay(GuiIngameForge.java:119)
	at net.minecraft.client.renderer.EntityRenderer.updateCameraAndRender(EntityRenderer.java:1151)
	at net.minecraft.client.Minecraft.runGameLoop(Minecraft.java:1209)
	at net.minecraft.client.Minecraft.run(Minecraft.java:442)
	at net.minecraft.client.main.Main.main(Main.java:118)
	at sun.reflect.NativeMethodAccessorImpl.invoke0(Native Method)
	at sun.reflect.NativeMethodAccessorImpl.invoke(NativeMethodAccessorImpl.java:62)
	at sun.reflect.DelegatingMethodAccessorImpl.invoke(DelegatingMethodAccessorImpl.java:43)
	at java.lang.reflect.Method.invoke(Method.java:498)
	at net.minecraft.launchwrapper.Launch.launch(Launch.java:135)
	at net.minecraft.launchwrapper.Launch.main(Launch.java:28)
	at sun.reflect.NativeMethodAccessorImpl.invoke0(Native Method)
	at sun.reflect.NativeMethodAccessorImpl.invoke(NativeMethodAccessorImpl.java:62)
	at sun.reflect.DelegatingMethodAccessorImpl.invoke(DelegatingMethodAccessorImpl.java:43)
	at java.lang.reflect.Method.invoke(Method.java:498)
	at net.minecraftforge.gradle.GradleStartCommon.launch(GradleStartCommon.java:97)
	at GradleStart.main(GradleStart.java:25)

[22:47:20] [Server thread/INFO] [net.minecraft.server.integrated.IntegratedServer]: Saving and pausing game...
[22:47:20] [Server thread/INFO] [net.minecraft.server.MinecraftServer]: Saving chunks for level 'New Worldê1'/overworld
[22:47:21] [Server thread/INFO] [net.minecraft.server.MinecraftServer]: Saving chunks for level 'New Worldê1'/overworld
[22:47:26] [Client thread/ERROR] [journeymap]: Can't get entityTexture for Creeper (SUPPRESSED)
[22:47:26] [Client thread/ERROR] [journeymap]: java.lang.NoSuchMethodError: net.minecraft.client.renderer.entity.Render.func_110775_a(Lnet/minecraft/entity/Entity;)Lnet/minecraft/util/ResourceLocation;
	at net.minecraft.client.renderer.entity.RenderFacade.getEntityTexture(RenderFacade.java:29)
	at journeymap.client.model.EntityHelper.getIconTextureLocation(EntityHelper.java:278)
	at journeymap.client.model.EntityDTO.update(EntityDTO.java:205)
	at journeymap.client.model.EntityHelper.getEntitiesNearby(EntityHelper.java:75)
	at journeymap.client.model.EntityHelper.getMobsNearby(EntityHelper.java:102)
	at journeymap.client.data.MobsData.load(MobsData.java:34)
	at journeymap.client.data.MobsData.load(MobsData.java:24)
	at com.google.common.cache.LocalCache$LoadingValueReference.loadFuture(LocalCache.java:3716)
	at com.google.common.cache.LocalCache$Segment.loadSync(LocalCache.java:2424)
	at com.google.common.cache.LocalCache$Segment.lockedGetOrLoad(LocalCache.java:2298)
	at com.google.common.cache.LocalCache$Segment.get(LocalCache.java:2211)
	at com.google.common.cache.LocalCache.get(LocalCache.java:4154)
	at com.google.common.cache.LocalCache.getOrLoad(LocalCache.java:4158)
	at com.google.common.cache.LocalCache$LocalLoadingCache.get(LocalCache.java:5147)
	at journeymap.client.data.DataCache.getMobs(DataCache.java:263)
	at journeymap.client.model.MapState.generateDrawSteps(MapState.java:439)
	at journeymap.client.ui.minimap.MiniMap.drawMap(MiniMap.java:231)
	at journeymap.client.ui.minimap.MiniMap.drawMap(MiniMap.java:174)
	at journeymap.client.ui.UIManager.drawMiniMap(UIManager.java:328)
	at journeymap.client.forge.event.MiniMapOverlayHandler.onRenderOverlay(MiniMapOverlayHandler.java:103)
	at net.minecraftforge.fml.common.eventhandler.ASMEventHandler_779_MiniMapOverlayHandler_onRenderOverlay_RenderGameOverlayEvent.invoke(.dynamic)
	at net.minecraftforge.fml.common.eventhandler.ASMEventHandler.invoke(ASMEventHandler.java:90)
	at net.minecraftforge.fml.common.eventhandler.EventBus.post(EventBus.java:182)
	at net.minecraftforge.client.GuiIngameForge.pre(GuiIngameForge.java:910)
	at net.minecraftforge.client.GuiIngameForge.renderGameOverlay(GuiIngameForge.java:119)
	at net.minecraft.client.renderer.EntityRenderer.updateCameraAndRender(EntityRenderer.java:1151)
	at net.minecraft.client.Minecraft.runGameLoop(Minecraft.java:1209)
	at net.minecraft.client.Minecraft.run(Minecraft.java:442)
	at net.minecraft.client.main.Main.main(Main.java:118)
	at sun.reflect.NativeMethodAccessorImpl.invoke0(Native Method)
	at sun.reflect.NativeMethodAccessorImpl.invoke(NativeMethodAccessorImpl.java:62)
	at sun.reflect.DelegatingMethodAccessorImpl.invoke(DelegatingMethodAccessorImpl.java:43)
	at java.lang.reflect.Method.invoke(Method.java:498)
	at net.minecraft.launchwrapper.Launch.launch(Launch.java:135)
	at net.minecraft.launchwrapper.Launch.main(Launch.java:28)
	at sun.reflect.NativeMethodAccessorImpl.invoke0(Native Method)
	at sun.reflect.NativeMethodAccessorImpl.invoke(NativeMethodAccessorImpl.java:62)
	at sun.reflect.DelegatingMethodAccessorImpl.invoke(DelegatingMethodAccessorImpl.java:43)
	at java.lang.reflect.Method.invoke(Method.java:498)
	at net.minecraftforge.gradle.GradleStartCommon.launch(GradleStartCommon.java:97)
	at GradleStart.main(GradleStart.java:25)

[22:47:26] [Client thread/ERROR] [journeymap]: Can't get entityTexture for Zombie (SUPPRESSED)
[22:47:26] [Client thread/ERROR] [journeymap]: java.lang.NoSuchMethodError: net.minecraft.client.renderer.entity.Render.func_110775_a(Lnet/minecraft/entity/Entity;)Lnet/minecraft/util/ResourceLocation;
	at net.minecraft.client.renderer.entity.RenderFacade.getEntityTexture(RenderFacade.java:29)
	at journeymap.client.model.EntityHelper.getIconTextureLocation(EntityHelper.java:278)
	at journeymap.client.model.EntityDTO.update(EntityDTO.java:205)
	at journeymap.client.model.EntityHelper.getEntitiesNearby(EntityHelper.java:75)
	at journeymap.client.model.EntityHelper.getMobsNearby(EntityHelper.java:102)
	at journeymap.client.data.MobsData.load(MobsData.java:34)
	at journeymap.client.data.MobsData.load(MobsData.java:24)
	at com.google.common.cache.LocalCache$LoadingValueReference.loadFuture(LocalCache.java:3716)
	at com.google.common.cache.LocalCache$Segment.loadSync(LocalCache.java:2424)
	at com.google.common.cache.LocalCache$Segment.lockedGetOrLoad(LocalCache.java:2298)
	at com.google.common.cache.LocalCache$Segment.get(LocalCache.java:2211)
	at com.google.common.cache.LocalCache.get(LocalCache.java:4154)
	at com.google.common.cache.LocalCache.getOrLoad(LocalCache.java:4158)
	at com.google.common.cache.LocalCache$LocalLoadingCache.get(LocalCache.java:5147)
	at journeymap.client.data.DataCache.getMobs(DataCache.java:263)
	at journeymap.client.model.MapState.generateDrawSteps(MapState.java:439)
	at journeymap.client.ui.minimap.MiniMap.drawMap(MiniMap.java:231)
	at journeymap.client.ui.minimap.MiniMap.drawMap(MiniMap.java:174)
	at journeymap.client.ui.UIManager.drawMiniMap(UIManager.java:328)
	at journeymap.client.forge.event.MiniMapOverlayHandler.onRenderOverlay(MiniMapOverlayHandler.java:103)
	at net.minecraftforge.fml.common.eventhandler.ASMEventHandler_779_MiniMapOverlayHandler_onRenderOverlay_RenderGameOverlayEvent.invoke(.dynamic)
	at net.minecraftforge.fml.common.eventhandler.ASMEventHandler.invoke(ASMEventHandler.java:90)
	at net.minecraftforge.fml.common.eventhandler.EventBus.post(EventBus.java:182)
	at net.minecraftforge.client.GuiIngameForge.pre(GuiIngameForge.java:910)
	at net.minecraftforge.client.GuiIngameForge.renderGameOverlay(GuiIngameForge.java:119)
	at net.minecraft.client.renderer.EntityRenderer.updateCameraAndRender(EntityRenderer.java:1151)
	at net.minecraft.client.Minecraft.runGameLoop(Minecraft.java:1209)
	at net.minecraft.client.Minecraft.run(Minecraft.java:442)
	at net.minecraft.client.main.Main.main(Main.java:118)
	at sun.reflect.NativeMethodAccessorImpl.invoke0(Native Method)
	at sun.reflect.NativeMethodAccessorImpl.invoke(NativeMethodAccessorImpl.java:62)
	at sun.reflect.DelegatingMethodAccessorImpl.invoke(DelegatingMethodAccessorImpl.java:43)
	at java.lang.reflect.Method.invoke(Method.java:498)
	at net.minecraft.launchwrapper.Launch.launch(Launch.java:135)
	at net.minecraft.launchwrapper.Launch.main(Launch.java:28)
	at sun.reflect.NativeMethodAccessorImpl.invoke0(Native Method)
	at sun.reflect.NativeMethodAccessorImpl.invoke(NativeMethodAccessorImpl.java:62)
	at sun.reflect.DelegatingMethodAccessorImpl.invoke(DelegatingMethodAccessorImpl.java:43)
	at java.lang.reflect.Method.invoke(Method.java:498)
	at net.minecraftforge.gradle.GradleStartCommon.launch(GradleStartCommon.java:97)
	at GradleStart.main(GradleStart.java:25)

[22:47:26] [Client thread/ERROR] [journeymap]: Can't get entityTexture for Zombie Villager (SUPPRESSED)
[22:47:26] [Client thread/ERROR] [journeymap]: java.lang.NoSuchMethodError: net.minecraft.client.renderer.entity.Render.func_110775_a(Lnet/minecraft/entity/Entity;)Lnet/minecraft/util/ResourceLocation;
	at net.minecraft.client.renderer.entity.RenderFacade.getEntityTexture(RenderFacade.java:29)
	at journeymap.client.model.EntityHelper.getIconTextureLocation(EntityHelper.java:278)
	at journeymap.client.model.EntityDTO.update(EntityDTO.java:205)
	at journeymap.client.model.EntityHelper.getEntitiesNearby(EntityHelper.java:75)
	at journeymap.client.model.EntityHelper.getMobsNearby(EntityHelper.java:102)
	at journeymap.client.data.MobsData.load(MobsData.java:34)
	at journeymap.client.data.MobsData.load(MobsData.java:24)
	at com.google.common.cache.LocalCache$LoadingValueReference.loadFuture(LocalCache.java:3716)
	at com.google.common.cache.LocalCache$Segment.loadSync(LocalCache.java:2424)
	at com.google.common.cache.LocalCache$Segment.lockedGetOrLoad(LocalCache.java:2298)
	at com.google.common.cache.LocalCache$Segment.get(LocalCache.java:2211)
	at com.google.common.cache.LocalCache.get(LocalCache.java:4154)
	at com.google.common.cache.LocalCache.getOrLoad(LocalCache.java:4158)
	at com.google.common.cache.LocalCache$LocalLoadingCache.get(LocalCache.java:5147)
	at journeymap.client.data.DataCache.getMobs(DataCache.java:263)
	at journeymap.client.model.MapState.generateDrawSteps(MapState.java:439)
	at journeymap.client.ui.minimap.MiniMap.drawMap(MiniMap.java:231)
	at journeymap.client.ui.minimap.MiniMap.drawMap(MiniMap.java:174)
	at journeymap.client.ui.UIManager.drawMiniMap(UIManager.java:328)
	at journeymap.client.forge.event.MiniMapOverlayHandler.onRenderOverlay(MiniMapOverlayHandler.java:103)
	at net.minecraftforge.fml.common.eventhandler.ASMEventHandler_779_MiniMapOverlayHandler_onRenderOverlay_RenderGameOverlayEvent.invoke(.dynamic)
	at net.minecraftforge.fml.common.eventhandler.ASMEventHandler.invoke(ASMEventHandler.java:90)
	at net.minecraftforge.fml.common.eventhandler.EventBus.post(EventBus.java:182)
	at net.minecraftforge.client.GuiIngameForge.pre(GuiIngameForge.java:910)
	at net.minecraftforge.client.GuiIngameForge.renderGameOverlay(GuiIngameForge.java:119)
	at net.minecraft.client.renderer.EntityRenderer.updateCameraAndRender(EntityRenderer.java:1151)
	at net.minecraft.client.Minecraft.runGameLoop(Minecraft.java:1209)
	at net.minecraft.client.Minecraft.run(Minecraft.java:442)
	at net.minecraft.client.main.Main.main(Main.java:118)
	at sun.reflect.NativeMethodAccessorImpl.invoke0(Native Method)
	at sun.reflect.NativeMethodAccessorImpl.invoke(NativeMethodAccessorImpl.java:62)
	at sun.reflect.DelegatingMethodAccessorImpl.invoke(DelegatingMethodAccessorImpl.java:43)
	at java.lang.reflect.Method.invoke(Method.java:498)
	at net.minecraft.launchwrapper.Launch.launch(Launch.java:135)
	at net.minecraft.launchwrapper.Launch.main(Launch.java:28)
	at sun.reflect.NativeMethodAccessorImpl.invoke0(Native Method)
	at sun.reflect.NativeMethodAccessorImpl.invoke(NativeMethodAccessorImpl.java:62)
	at sun.reflect.DelegatingMethodAccessorImpl.invoke(DelegatingMethodAccessorImpl.java:43)
	at java.lang.reflect.Method.invoke(Method.java:498)
	at net.minecraftforge.gradle.GradleStartCommon.launch(GradleStartCommon.java:97)
	at GradleStart.main(GradleStart.java:25)

[22:47:26] [Client thread/ERROR] [journeymap]: Can't get entityTexture for Spider (SUPPRESSED)
[22:47:26] [Client thread/ERROR] [journeymap]: java.lang.NoSuchMethodError: net.minecraft.client.renderer.entity.Render.func_110775_a(Lnet/minecraft/entity/Entity;)Lnet/minecraft/util/ResourceLocation;
	at net.minecraft.client.renderer.entity.RenderFacade.getEntityTexture(RenderFacade.java:29)
	at journeymap.client.model.EntityHelper.getIconTextureLocation(EntityHelper.java:278)
	at journeymap.client.model.EntityDTO.update(EntityDTO.java:205)
	at journeymap.client.model.EntityHelper.getEntitiesNearby(EntityHelper.java:75)
	at journeymap.client.model.EntityHelper.getMobsNearby(EntityHelper.java:102)
	at journeymap.client.data.MobsData.load(MobsData.java:34)
	at journeymap.client.data.MobsData.load(MobsData.java:24)
	at com.google.common.cache.LocalCache$LoadingValueReference.loadFuture(LocalCache.java:3716)
	at com.google.common.cache.LocalCache$Segment.loadSync(LocalCache.java:2424)
	at com.google.common.cache.LocalCache$Segment.lockedGetOrLoad(LocalCache.java:2298)
	at com.google.common.cache.LocalCache$Segment.get(LocalCache.java:2211)
	at com.google.common.cache.LocalCache.get(LocalCache.java:4154)
	at com.google.common.cache.LocalCache.getOrLoad(LocalCache.java:4158)
	at com.google.common.cache.LocalCache$LocalLoadingCache.get(LocalCache.java:5147)
	at journeymap.client.data.DataCache.getMobs(DataCache.java:263)
	at journeymap.client.model.MapState.generateDrawSteps(MapState.java:439)
	at journeymap.client.ui.minimap.MiniMap.drawMap(MiniMap.java:231)
	at journeymap.client.ui.minimap.MiniMap.drawMap(MiniMap.java:174)
	at journeymap.client.ui.UIManager.drawMiniMap(UIManager.java:328)
	at journeymap.client.forge.event.MiniMapOverlayHandler.onRenderOverlay(MiniMapOverlayHandler.java:103)
	at net.minecraftforge.fml.common.eventhandler.ASMEventHandler_779_MiniMapOverlayHandler_onRenderOverlay_RenderGameOverlayEvent.invoke(.dynamic)
	at net.minecraftforge.fml.common.eventhandler.ASMEventHandler.invoke(ASMEventHandler.java:90)
	at net.minecraftforge.fml.common.eventhandler.EventBus.post(EventBus.java:182)
	at net.minecraftforge.client.GuiIngameForge.pre(GuiIngameForge.java:910)
	at net.minecraftforge.client.GuiIngameForge.renderGameOverlay(GuiIngameForge.java:119)
	at net.minecraft.client.renderer.EntityRenderer.updateCameraAndRender(EntityRenderer.java:1151)
	at net.minecraft.client.Minecraft.runGameLoop(Minecraft.java:1209)
	at net.minecraft.client.Minecraft.run(Minecraft.java:442)
	at net.minecraft.client.main.Main.main(Main.java:118)
	at sun.reflect.NativeMethodAccessorImpl.invoke0(Native Method)
	at sun.reflect.NativeMethodAccessorImpl.invoke(NativeMethodAccessorImpl.java:62)
	at sun.reflect.DelegatingMethodAccessorImpl.invoke(DelegatingMethodAccessorImpl.java:43)
	at java.lang.reflect.Method.invoke(Method.java:498)
	at net.minecraft.launchwrapper.Launch.launch(Launch.java:135)
	at net.minecraft.launchwrapper.Launch.main(Launch.java:28)
	at sun.reflect.NativeMethodAccessorImpl.invoke0(Native Method)
	at sun.reflect.NativeMethodAccessorImpl.invoke(NativeMethodAccessorImpl.java:62)
	at sun.reflect.DelegatingMethodAccessorImpl.invoke(DelegatingMethodAccessorImpl.java:43)
	at java.lang.reflect.Method.invoke(Method.java:498)
	at net.minecraftforge.gradle.GradleStartCommon.launch(GradleStartCommon.java:97)
	at GradleStart.main(GradleStart.java:25)

[22:47:27] [Server thread/INFO] [net.minecraft.server.integrated.IntegratedServer]: Saving and pausing game...
[22:47:27] [Server thread/INFO] [net.minecraft.server.MinecraftServer]: Saving chunks for level 'New Worldê1'/overworld
[22:47:27] [Server thread/INFO] [net.minecraft.server.MinecraftServer]: Saving chunks for level 'New Worldê1'/overworld
[22:47:27] [Client thread/INFO] [net.minecraft.client.Minecraft]: Stopping!
[22:47:27] [Client thread/INFO] [journeymap]: Mapping halted in .\journeymap\data\sp\New Worldê1\DIM0
[22:47:27] [Client thread/WARN] [journeymap]: Couldn't copy color palette html: java.lang.NullPointerException
[22:47:27] [Client thread/ERROR] [journeymap]: Can't write colorpalette.html: java.lang.NullPointerException
[22:47:27] [Client thread/WARN] [journeymap]: Existing color palette's mods no longer match current loadout.
[22:47:27] [Client thread/INFO] [journeymap]: WAS: Baubles:1.5.3, Expanded Arcanum:1.0.1, Forge Mod Loader:8.0.99.99, HammerLib:12.2.50, JourneyMap:1.12.2-5.7.1, Just Enough Items:4.15.0.268, Minecraft Coder Pack:9.42, Minecraft Forge:14.23.5.2820, Minecraft:1.12.2, MixinBooter:10.5, Nature's Compass:1.8.5, TC4 Research Port:1.1.3, Thaumcraft:6.1.BETA26, Thaumic Additions: Reconstructed:12.7.9, Thaumic Augmentation:1.12.2-2.1.13, Thaumic Bases:3.6.011.0, Thaumic Forever:6.0, Thaumic Gadgets:0.1.6.0, Thaumic Restoration:1.5.0, Thaumic Tinkerer Unofficial:1.12.2-5.5.1-Unofficial, Thaumic Wonders Unofficial:2.2.4, ThaumicJEI:1.6.0, Waila:1.8.26, spark:1.6.3, Planar Artifice: Continuation:1.4.0-pre7
NOW: Baubles:1.5.3, CT-GUI:1.0.0, ConfigAnytime:3.0, CraftTweaker JEI Support:2.0.3, CraftTweaker2:4.1.20, Forge Mod Loader:8.0.99.99, HammerLib:12.2.50, JourneyMap:1.12.2-5.7.1, Just Enough Items:4.15.0.268, Minecraft Coder Pack:9.42, Minecraft Forge:14.23.5.2820, Minecraft:1.12.2, MixinBooter:10.5, Nature's Compass:1.8.5, New Crimson Revelations:1.5.2, ReForbiddenMagic:1.1.1, TC4 Research Port:1.1.3, Thaumcraft:6.1.BETA26, Thaumic Additions: Reconstructed:12.7.9, Thaumic Augmentation:1.12.2-2.1.14, Thaumic Bases:3.6.023.0, Thaumic Concilium Kedition:1.2.0, Thaumic Forever:7.0, Thaumic Gadgets:0.1.6.0, Thaumic Isorropia:2.0.0, Thaumic Restoration:1.5.0, Thaumic Tinkerer Unofficial:1.12.2-5.9.4-Unofficial, Thaumic Wonders Unofficial:2.2.4, ThaumicJEI:1.6.0, Waila:1.8.26, spark:1.6.3, Planar Artifice: Continuation:1.4.0-pre7
[22:47:27] [Server thread/INFO] [net.minecraft.server.MinecraftServer]: Stopping server
[22:47:27] [Server thread/INFO] [net.minecraft.server.MinecraftServer]: Saving players
[22:47:27] [Server thread/INFO] [net.minecraft.server.MinecraftServer]: Saving worlds
[22:47:27] [Server thread/INFO] [net.minecraft.server.MinecraftServer]: Saving chunks for level 'New Worldê1'/overworld
[22:47:27] [Server thread/INFO] [net.minecraft.server.MinecraftServer]: Saving chunks for level 'New Worldê1'/overworld
[22:47:27] [Server thread/INFO] [THAUMCRAFT]: Removing aura cache for world 0
[22:47:28] [Server thread/INFO] [THAUMCRAFT]: Removing aura cache for world 2505
[22:47:28] [Server thread/INFO] [FML]: Unloading dimension 0
[22:47:28] [Server thread/INFO] [FML]: Unloading dimension 2505
[22:47:28] [Server thread/INFO] [FML]: Applying holder lookups
[22:47:28] [Server thread/INFO] [FML]: Holder lookups applied
[22:47:28] [Client thread/INFO] [net.minecraft.client.audio.SoundManager]: SoundSystem shutting down...
[22:47:28] [Client thread/WARN] [net.minecraft.client.audio.SoundManager]: Author: Paul Lamb, www.paulscode.com
